Workbook

Sheet Aug
A1: สรุปภาพรวมผลการดำเนินงานสาขา (Area Performance Dashboard)
A2: ="เดือน (Month): "&IF(Aug!B107="","(ยังไม่ระบุ)",Aug!B107)&" | จำนวนสาขาที่รายงาน: "&COUNTIF(Aug!A111:A125,"?*")&" สาขา" -> เดือน (Month): (ยังไม่ระบุ) | จำนวนสาขาที่รายงาน: 0 สาขา
A4: ยอดขายรวม (Sales) | D4: กำไร EBIT รวม (฿) | G4: ต้นทุนขาย COGs รวม | J4: ค่าแรง COL รวม (฿)
A5: ="2025: "&TEXT(SUM(Aug!B111:B125),"#,##0")&" 2026: "&TEXT(SUM(Aug!C111:C125),"#,##0") -> 2025: 0 2026: 0 | D5: ="2025: "&TEXT(SUM(Aug!E111:E125),"#,##0")&" 2026: "&TEXT(SUM(Aug!F111:F125),"#,##0") -> 2025: 0 2026: 0 | G5: ="2025: "&TEXT(SUM(Aug!T111:T125),"#,##0")&" 2026: "&TEXT(SUM(Aug!U111:U125),"#,##0") -> 2025: 0 2026: 0 | J5: ="2025: "&TEXT(SUM(Aug!W111:W125),"#,##0")&" 2026: "&TEXT(SUM(Aug!X111:X125),"#,##0") -> 2025: 0 2026: 0
A6: =IFERROR(TEXT((SUM(Aug!C111:C125)-SUM(Aug!B111:B125))/SUM(Aug!B111:B125),"+0.0%;-0.0%")&" YoY","-") -> - | D6: =IFERROR(TEXT((SUM(Aug!F111:F125)-SUM(Aug!E111:E125))/SUM(Aug!E111:E125),"+0.0%;-0.0%")&" YoY","-") -> - | G6: =IFERROR(TEXT((SUM(Aug!U111:U125)-SUM(Aug!T111:T125))/SUM(Aug!T111:T125),"+0.0%;-0.0%")&" YoY","-") -> - | J6: =IFERROR(TEXT((SUM(Aug!X111:X125)-SUM(Aug!W111:W125))/SUM(Aug!W111:W125),"+0.0%;-0.0%")&" YoY","-") -> -
A8: ข้อร้องเรียนรวม (Complaint) | D8: OT รวม (ชม./บาท)
A9: =TEXT(SUM(Aug!AE111:AE125),"#,##0") -> 0 | D9: =TEXT(SUM(Aug!AC111:AC125),"#,##0") -> 0
A12: ผลการดำเนินงานรายสาขา (Branch Performance) — เทียบ YoY
A13: สาขา (Branch) | B13: ยอดขาย YoY% | C13: EBIT YoY% | D13: COL% to Sales Δ | E13: Complaint | F13: สถานะ / ประเด็นที่พบ | O13: ProblemScore | P13: ProblemKey | Q13: RankProblem | R13: RankBest
A14: =IF(Aug!A111="","",Aug!A111) | B14: =IF(Aug!A111="","",Aug!D111) | C14: =IF(Aug!A111="","",Aug!G111) | D14: =IF(Aug!A111="","",Aug!AB111) | E14: =IF(Aug!A111="","",Aug!AE111) | F14: =IF(A14="","",IF((IF(B14<0,"ยอดขายลด, ","")&IF(C14<0,"กำไรลด, ","")&IF(D14>0,"ต้นทุนแรงงาน/ยอดขายเพิ่ม, ","")&IF(E14>=3,"ร้องเรียนเยอะ, ",""))="","ปกติ / ดี",IF(RIGHT(IF(B14<0,"ยอดขายลด, ","")&IF(C14<0,"กำไรลด, ","")&IF(D14>0,"ต้นทุนแรงงาน/ยอดขายเพิ่ม, ","")&IF(E14>=3,"ร้องเรียนเยอะ, ",""),2)=", ",LEFT(IF(B14<0,"ยอดขายลด, ","")&IF(C14<0,"กำไรลด, ","")&IF(D14>0,"ต้นทุนแรงงาน/ยอดขายเพิ่ม, ","")&IF(E14>=3,"ร้องเรียนเยอะ, ",""),LEN(IF(B14<0,"ยอดขายลด, ","")&IF(C14<0,"กำไรลด, ","")&IF(D14>0,"ต้นทุนแรงงาน/ยอดขายเพิ่ม, ","")&IF(E14>=3,"ร้องเรียนเยอะ, ",""))-2),IF(B14<0,"ยอดขายลด, ","")&IF(C14<0,"กำไรลด, ","")&IF(D14>0,"ต้นทุนแรงงาน/ยอดขายเพิ่ม, ","")&IF(E14>=3,"ร้องเรียนเยอะ, ","")))) | O14: =IF(A14="","",(B14<0)*1+(C14<0)*1+(D14>0)*1+(E14>=3)*1) | P14: =IF(A14="","",O14-IFERROR(B14/1000,0)) | Q14: =IF(A14="","",IFERROR(RANK(P14,$P$14:$P$36)+COUNTIF($P$14:P14,P14)-1,"")) | R14: =IF(A14="","",IFERROR(RANK(B14,$B$14:$B$36)+COUNTIF($B$14:B14,B14)-1,""))
A15: =IF(Aug!A112="","",Aug!A112) | B15: =IF(Aug!A112="","",Aug!D112) | C15: =IF(Aug!A112="","",Aug!G112) | D15: =IF(Aug!A112="","",Aug!AB112) | E15: =IF(Aug!A112="","",Aug!AE112) | F15: =IF(A15="","",IF((IF(B15<0,"ยอดขายลด, ","")&IF(C15<0,"กำไรลด, ","")&IF(D15>0,"ต้นทุนแรงงาน/ยอดขายเพิ่ม, ","")&IF(E15>=3,"ร้องเรียนเยอะ, ",""))="","ปกติ / ดี",IF(RIGHT(IF(B15<0,"ยอดขายลด, ","")&IF(C15<0,"กำไรลด, ","")&IF(D15>0,"ต้นทุนแรงงาน/ยอดขายเพิ่ม, ","")&IF(E15>=3,"ร้องเรียนเยอะ, ",""),2)=", ",LEFT(IF(B15<0,"ยอดขายลด, ","")&IF(C15<0,"กำไรลด, ","")&IF(D15>0,"ต้นทุนแรงงาน/ยอดขายเพิ่ม, ","")&IF(E15>=3,"ร้องเรียนเยอะ, ",""),LEN(IF(B15<0,"ยอดขายลด, ","")&IF(C15<0,"กำไรลด, ","")&IF(D15>0,"ต้นทุนแรงงาน/ยอดขายเพิ่ม, ","")&IF(E15>=3,"ร้องเรียนเยอะ, ",""))-2),IF(B15<0,"ยอดขายลด, ","")&IF(C15<0,"กำไรลด, ","")&IF(D15>0,"ต้นทุนแรงงาน/ยอดขายเพิ่ม, ","")&IF(E15>=3,"ร้องเรียนเยอะ, ","")))) | O15: =IF(A15="","",(B15<0)*1+(C15<0)*1+(D15>0)*1+(E15>=3)*1) | P15: =IF(A15="","",O15-IFERROR(B15/1000,0)) | Q15: =IF(A15="","",IFERROR(RANK(P15,$P$14:$P$36)+COUNTIF($P$14:P15,P15)-1,"")) | R15: =IF(A15="","",IFERROR(RANK(B15,$B$14:$B$36)+COUNTIF($B$14:B15,B15)-1,""))
A16: =IF(Aug!A113="","",Aug!A113) | B16: =IF(Aug!A113="","",Aug!D113) | C16: =IF(Aug!A113="","",Aug!G113) | D16: =IF(Aug!A113="","",Aug!AB113) | E16: =IF(Aug!A113="","",Aug!AE113) | F16: =IF(A16="","",IF((IF(B16<0,"ยอดขายลด, ","")&IF(C16<0,"กำไรลด, ","")&IF(D16>0,"ต้นทุนแรงงาน/ยอดขายเพิ่ม, ","")&IF(E16>=3,"ร้องเรียนเยอะ, ",""))="","ปกติ / ดี",IF(RIGHT(IF(B16<0,"ยอดขายลด, ","")&IF(C16<0,"กำไรลด, ","")&IF(D16>0,"ต้นทุนแรงงาน/ยอดขายเพิ่ม, ","")&IF(E16>=3,"ร้องเรียนเยอะ, ",""),2)=", ",LEFT(IF(B16<0,"ยอดขายลด, ","")&IF(C16<0,"กำไรลด, ","")&IF(D16>0,"ต้นทุนแรงงาน/ยอดขายเพิ่ม, ","")&IF(E16>=3,"ร้องเรียนเยอะ, ",""),LEN(IF(B16<0,"ยอดขายลด, ","")&IF(C16<0,"กำไรลด, ","")&IF(D16>0,"ต้นทุนแรงงาน/ยอดขายเพิ่ม, ","")&IF(E16>=3,"ร้องเรียนเยอะ, ",""))-2),IF(B16<0,"ยอดขายลด, ","")&IF(C16<0,"กำไรลด, ","")&IF(D16>0,"ต้นทุนแรงงาน/ยอดขายเพิ่ม, ","")&IF(E16>=3,"ร้องเรียนเยอะ, ","")))) | O16: =IF(A16="","",(B16<0)*1+(C16<0)*1+(D16>0)*1+(E16>=3)*1) | P16: =IF(A16="","",O16-IFERROR(B16/1000,0)) | Q16: =IF(A16="","",IFERROR(RANK(P16,$P$14:$P$36)+COUNTIF($P$14:P16,P16)-1,"")) | R16: =IF(A16="","",IFERROR(RANK(B16,$B$14:$B$36)+COUNTIF($B$14:B16,B16)-1,""))
A17: =IF(Aug!A114="","",Aug!A114) | B17: =IF(Aug!A114="","",Aug!D114) | C17: =IF(Aug!A114="","",Aug!G114) | D17: =IF(Aug!A114="","",Aug!AB114) | E17: =IF(Aug!A114="","",Aug!AE114) | F17: =IF(A17="","",IF((IF(B17<0,"ยอดขายลด, ","")&IF(C17<0,"กำไรลด, ","")&IF(D17>0,"ต้นทุนแรงงาน/ยอดขายเพิ่ม, ","")&IF(E17>=3,"ร้องเรียนเยอะ, ",""))="","ปกติ / ดี",IF(RIGHT(IF(B17<0,"ยอดขายลด, ","")&IF(C17<0,"กำไรลด, ","")&IF(D17>0,"ต้นทุนแรงงาน/ยอดขายเพิ่ม, ","")&IF(E17>=3,"ร้องเรียนเยอะ, ",""),2)=", ",LEFT(IF(B17<0,"ยอดขายลด, ","")&IF(C17<0,"กำไรลด, ","")&IF(D17>0,"ต้นทุนแรงงาน/ยอดขายเพิ่ม, ","")&IF(E17>=3,"ร้องเรียนเยอะ, ",""),LEN(IF(B17<0,"ยอดขายลด, ","")&IF(C17<0,"กำไรลด, ","")&IF(D17>0,"ต้นทุนแรงงาน/ยอดขายเพิ่ม, ","")&IF(E17>=3,"ร้องเรียนเยอะ, ",""))-2),IF(B17<0,"ยอดขายลด, ","")&IF(C17<0,"กำไรลด, ","")&IF(D17>0,"ต้นทุนแรงงาน/ยอดขายเพิ่ม, ","")&IF(E17>=3,"ร้องเรียนเยอะ, ","")))) | O17: =IF(A17="","",(B17<0)*1+(C17<0)*1+(D17>0)*1+(E17>=3)*1) | P17: =IF(A17="","",O17-IFERROR(B17/1000,0)) | Q17: =IF(A17="","",IFERROR(RANK(P17,$P$14:$P$36)+COUNTIF($P$14:P17,P17)-1,"")) | R17: =IF(A17="","",IFERROR(RANK(B17,$B$14:$B$36)+COUNTIF($B$14:B17,B17)-1,""))
A18: =IF(Aug!A115="","",Aug!A115) | B18: =IF(Aug!A115="","",Aug!D115) | C18: =IF(Aug!A115="","",Aug!G115) | D18: =IF(Aug!A115="","",Aug!AB115) | E18: =IF(Aug!A115="","",Aug!AE115) | F18: =IF(A18="","",IF((IF(B18<0,"ยอดขายลด, ","")&IF(C18<0,"กำไรลด, ","")&IF(D18>0,"ต้นทุนแรงงาน/ยอดขายเพิ่ม, ","")&IF(E18>=3,"ร้องเรียนเยอะ, ",""))="","ปกติ / ดี",IF(RIGHT(IF(B18<0,"ยอดขายลด, ","")&IF(C18<0,"กำไรลด, ","")&IF(D18>0,"ต้นทุนแรงงาน/ยอดขายเพิ่ม, ","")&IF(E18>=3,"ร้องเรียนเยอะ, ",""),2)=", ",LEFT(IF(B18<0,"ยอดขายลด, ","")&IF(C18<0,"กำไรลด, ","")&IF(D18>0,"ต้นทุนแรงงาน/ยอดขายเพิ่ม, ","")&IF(E18>=3,"ร้องเรียนเยอะ, ",""),LEN(IF(B18<0,"ยอดขายลด, ","")&IF(C18<0,"กำไรลด, ","")&IF(D18>0,"ต้นทุนแรงงาน/ยอดขายเพิ่ม, ","")&IF(E18>=3,"ร้องเรียนเยอะ, ",""))-2),IF(B18<0,"ยอดขายลด, ","")&IF(C18<0,"กำไรลด, ","")&IF(D18>0,"ต้นทุนแรงงาน/ยอดขายเพิ่ม, ","")&IF(E18>=3,"ร้องเรียนเยอะ, ","")))) | O18: =IF(A18="","",(B18<0)*1+(C18<0)*1+(D18>0)*1+(E18>=3)*1) | P18: =IF(A18="","",O18-IFERROR(B18/1000,0)) | Q18: =IF(A18="","",IFERROR(RANK(P18,$P$14:$P$36)+COUNTIF($P$14:P18,P18)-1,"")) | R18: =IF(A18="","",IFERROR(RANK(B18,$B$14:$B$36)+COUNTIF($B$14:B18,B18)-1,""))
A19: =IF(Aug!A116="","",Aug!A116) | B19: =IF(Aug!A116="","",Aug!D116) | C19: =IF(Aug!A116="","",Aug!G116) | D19: =IF(Aug!A116="","",Aug!AB116) | E19: =IF(Aug!A116="","",Aug!AE116) | F19: =IF(A19="","",IF((IF(B19<0,"ยอดขายลด, ","")&IF(C19<0,"กำไรลด, ","")&IF(D19>0,"ต้นทุนแรงงาน/ยอดขายเพิ่ม, ","")&IF(E19>=3,"ร้องเรียนเยอะ, ",""))="","ปกติ / ดี",IF(RIGHT(IF(B19<0,"ยอดขายลด, ","")&IF(C19<0,"กำไรลด, ","")&IF(D19>0,"ต้นทุนแรงงาน/ยอดขายเพิ่ม, ","")&IF(E19>=3,"ร้องเรียนเยอะ, ",""),2)=", ",LEFT(IF(B19<0,"ยอดขายลด, ","")&IF(C19<0,"กำไรลด, ","")&IF(D19>0,"ต้นทุนแรงงาน/ยอดขายเพิ่ม, ","")&IF(E19>=3,"ร้องเรียนเยอะ, ",""),LEN(IF(B19<0,"ยอดขายลด, ","")&IF(C19<0,"กำไรลด, ","")&IF(D19>0,"ต้นทุนแรงงาน/ยอดขายเพิ่ม, ","")&IF(E19>=3,"ร้องเรียนเยอะ, ",""))-2),IF(B19<0,"ยอดขายลด, ","")&IF(C19<0,"กำไรลด, ","")&IF(D19>0,"ต้นทุนแรงงาน/ยอดขายเพิ่ม, ","")&IF(E19>=3,"ร้องเรียนเยอะ, ","")))) | O19: =IF(A19="","",(B19<0)*1+(C19<0)*1+(D19>0)*1+(E19>=3)*1) | P19: =IF(A19="","",O19-IFERROR(B19/1000,0)) | Q19: =IF(A19="","",IFERROR(RANK(P19,$P$14:$P$36)+COUNTIF($P$14:P19,P19)-1,"")) | R19: =IF(A19="","",IFERROR(RANK(B19,$B$14:$B$36)+COUNTIF($B$14:B19,B19)-1,""))
A20: =IF(Aug!A117="","",Aug!A117) | B20: =IF(Aug!A117="","",Aug!D117) | C20: =IF(Aug!A117="","",Aug!G117) | D20: =IF(Aug!A117="","",Aug!AB117) | E20: =IF(Aug!A117="","",Aug!AE117) | F20: =IF(A20="","",IF((IF(B20<0,"ยอดขายลด, ","")&IF(C20<0,"กำไรลด, ","")&IF(D20>0,"ต้นทุนแรงงาน/ยอดขายเพิ่ม, ","")&IF(E20>=3,"ร้องเรียนเยอะ, ",""))="","ปกติ / ดี",IF(RIGHT(IF(B20<0,"ยอดขายลด, ","")&IF(C20<0,"กำไรลด, ","")&IF(D20>0,"ต้นทุนแรงงาน/ยอดขายเพิ่ม, ","")&IF(E20>=3,"ร้องเรียนเยอะ, ",""),2)=", ",LEFT(IF(B20<0,"ยอดขายลด, ","")&IF(C20<0,"กำไรลด, ","")&IF(D20>0,"ต้นทุนแรงงาน/ยอดขายเพิ่ม, ","")&IF(E20>=3,"ร้องเรียนเยอะ, ",""),LEN(IF(B20<0,"ยอดขายลด, ","")&IF(C20<0,"กำไรลด, ","")&IF(D20>0,"ต้นทุนแรงงาน/ยอดขายเพิ่ม, ","")&IF(E20>=3,"ร้องเรียนเยอะ, ",""))-2),IF(B20<0,"ยอดขายลด, ","")&IF(C20<0,"กำไรลด, ","")&IF(D20>0,"ต้นทุนแรงงาน/ยอดขายเพิ่ม, ","")&IF(E20>=3,"ร้องเรียนเยอะ, ","")))) | O20: =IF(A20="","",(B20<0)*1+(C20<0)*1+(D20>0)*1+(E20>=3)*1) | P20: =IF(A20="","",O20-IFERROR(B20/1000,0)) | Q20: =IF(A20="","",IFERROR(RANK(P20,$P$14:$P$36)+COUNTIF($P$14:P20,P20)-1,"")) | R20: =IF(A20="","",IFERROR(RANK(B20,$B$14:$B$36)+COUNTIF($B$14:B20,B20)-1,""))
A21: =IF(Aug!A118="","",Aug!A118) | B21: =IF(Aug!A118="","",Aug!D118) | C21: =IF(Aug!A118="","",Aug!G118) | D21: =IF(Aug!A118="","",Aug!AB118) | E21: =IF(Aug!A118="","",Aug!AE118) | F21: =IF(A21="","",IF((IF(B21<0,"ยอดขายลด, ","")&IF(C21<0,"กำไรลด, ","")&IF(D21>0,"ต้นทุนแรงงาน/ยอดขายเพิ่ม, ","")&IF(E21>=3,"ร้องเรียนเยอะ, ",""))="","ปกติ / ดี",IF(RIGHT(IF(B21<0,"ยอดขายลด, ","")&IF(C21<0,"กำไรลด, ","")&IF(D21>0,"ต้นทุนแรงงาน/ยอดขายเพิ่ม, ","")&IF(E21>=3,"ร้องเรียนเยอะ, ",""),2)=", ",LEFT(IF(B21<0,"ยอดขายลด, ","")&IF(C21<0,"กำไรลด, ","")&IF(D21>0,"ต้นทุนแรงงาน/ยอดขายเพิ่ม, ","")&IF(E21>=3,"ร้องเรียนเยอะ, ",""),LEN(IF(B21<0,"ยอดขายลด, ","")&IF(C21<0,"กำไรลด, ","")&IF(D21>0,"ต้นทุนแรงงาน/ยอดขายเพิ่ม, ","")&IF(E21>=3,"ร้องเรียนเยอะ, ",""))-2),IF(B21<0,"ยอดขายลด, ","")&IF(C21<0,"กำไรลด, ","")&IF(D21>0,"ต้นทุนแรงงาน/ยอดขายเพิ่ม, ","")&IF(E21>=3,"ร้องเรียนเยอะ, ","")))) | O21: =IF(A21="","",(B21<0)*1+(C21<0)*1+(D21>0)*1+(E21>=3)*1) | P21: =IF(A21="","",O21-IFERROR(B21/1000,0)) | Q21: =IF(A21="","",IFERROR(RANK(P21,$P$14:$P$36)+COUNTIF($P$14:P21,P21)-1,"")) | R21: =IF(A21="","",IFERROR(RANK(B21,$B$14:$B$36)+COUNTIF($B$14:B21,B21)-1,""))
A22: =IF(Aug!A119="","",Aug!A119) | B22: =IF(Aug!A119="","",Aug!D119) | C22: =IF(Aug!A119="","",Aug!G119) | D22: =IF(Aug!A119="","",Aug!AB119) | E22: =IF(Aug!A119="","",Aug!AE119) | F22: =IF(A22="","",IF((IF(B22<0,"ยอดขายลด, ","")&IF(C22<0,"กำไรลด, ","")&IF(D22>0,"ต้นทุนแรงงาน/ยอดขายเพิ่ม, ","")&IF(E22>=3,"ร้องเรียนเยอะ, ",""))="","ปกติ / ดี",IF(RIGHT(IF(B22<0,"ยอดขายลด, ","")&IF(C22<0,"กำไรลด, ","")&IF(D22>0,"ต้นทุนแรงงาน/ยอดขายเพิ่ม, ","")&IF(E22>=3,"ร้องเรียนเยอะ, ",""),2)=", ",LEFT(IF(B22<0,"ยอดขายลด, ","")&IF(C22<0,"กำไรลด, ","")&IF(D22>0,"ต้นทุนแรงงาน/ยอดขายเพิ่ม, ","")&IF(E22>=3,"ร้องเรียนเยอะ, ",""),LEN(IF(B22<0,"ยอดขายลด, ","")&IF(C22<0,"กำไรลด, ","")&IF(D22>0,"ต้นทุนแรงงาน/ยอดขายเพิ่ม, ","")&IF(E22>=3,"ร้องเรียนเยอะ, ",""))-2),IF(B22<0,"ยอดขายลด, ","")&IF(C22<0,"กำไรลด, ","")&IF(D22>0,"ต้นทุนแรงงาน/ยอดขายเพิ่ม, ","")&IF(E22>=3,"ร้องเรียนเยอะ, ","")))) | O22: =IF(A22="","",(B22<0)*1+(C22<0)*1+(D22>0)*1+(E22>=3)*1) | P22: =IF(A22="","",O22-IFERROR(B22/1000,0)) | Q22: =IF(A22="","",IFERROR(RANK(P22,$P$14:$P$36)+COUNTIF($P$14:P22,P22)-1,"")) | R22: =IF(A22="","",IFERROR(RANK(B22,$B$14:$B$36)+COUNTIF($B$14:B22,B22)-1,""))
A23: =IF(Aug!A120="","",Aug!A120) | B23: =IF(Aug!A120="","",Aug!D120) | C23: =IF(Aug!A120="","",Aug!G120) | D23: =IF(Aug!A120="","",Aug!AB120) | E23: =IF(Aug!A120="","",Aug!AE120) | F23: =IF(A23="","",IF((IF(B23<0,"ยอดขายลด, ","")&IF(C23<0,"กำไรลด, ","")&IF(D23>0,"ต้นทุนแรงงาน/ยอดขายเพิ่ม, ","")&IF(E23>=3,"ร้องเรียนเยอะ, ",""))="","ปกติ / ดี",IF(RIGHT(IF(B23<0,"ยอดขายลด, ","")&IF(C23<0,"กำไรลด, ","")&IF(D23>0,"ต้นทุนแรงงาน/ยอดขายเพิ่ม, ","")&IF(E23>=3,"ร้องเรียนเยอะ, ",""),2)=", ",LEFT(IF(B23<0,"ยอดขายลด, ","")&IF(C23<0,"กำไรลด, ","")&IF(D23>0,"ต้นทุนแรงงาน/ยอดขายเพิ่ม, ","")&IF(E23>=3,"ร้องเรียนเยอะ, ",""),LEN(IF(B23<0,"ยอดขายลด, ","")&IF(C23<0,"กำไรลด, ","")&IF(D23>0,"ต้นทุนแรงงาน/ยอดขายเพิ่ม, ","")&IF(E23>=3,"ร้องเรียนเยอะ, ",""))-2),IF(B23<0,"ยอดขายลด, ","")&IF(C23<0,"กำไรลด, ","")&IF(D23>0,"ต้นทุนแรงงาน/ยอดขายเพิ่ม, ","")&IF(E23>=3,"ร้องเรียนเยอะ, ","")))) | O23: =IF(A23="","",(B23<0)*1+(C23<0)*1+(D23>0)*1+(E23>=3)*1) | P23: =IF(A23="","",O23-IFERROR(B23/1000,0)) | Q23: =IF(A23="","",IFERROR(RANK(P23,$P$14:$P$36)+COUNTIF($P$14:P23,P23)-1,"")) | R23: =IF(A23="","",IFERROR(RANK(B23,$B$14:$B$36)+COUNTIF($B$14:B23,B23)-1,""))
A24: =IF(Aug!A121="","",Aug!A121) | B24: =IF(Aug!A121="","",Aug!D121) | C24: =IF(Aug!A121="","",Aug!G121) | D24: =IF(Aug!A121="","",Aug!AB121) | E24: =IF(Aug!A121="","",Aug!AE121) | F24: =IF(A24="","",IF((IF(B24<0,"ยอดขายลด, ","")&IF(C24<0,"กำไรลด, ","")&IF(D24>0,"ต้นทุนแรงงาน/ยอดขายเพิ่ม, ","")&IF(E24>=3,"ร้องเรียนเยอะ, ",""))="","ปกติ / ดี",IF(RIGHT(IF(B24<0,"ยอดขายลด, ","")&IF(C24<0,"กำไรลด, ","")&IF(D24>0,"ต้นทุนแรงงาน/ยอดขายเพิ่ม, ","")&IF(E24>=3,"ร้องเรียนเยอะ, ",""),2)=", ",LEFT(IF(B24<0,"ยอดขายลด, ","")&IF(C24<0,"กำไรลด, ","")&IF(D24>0,"ต้นทุนแรงงาน/ยอดขายเพิ่ม, ","")&IF(E24>=3,"ร้องเรียนเยอะ, ",""),LEN(IF(B24<0,"ยอดขายลด, ","")&IF(C24<0,"กำไรลด, ","")&IF(D24>0,"ต้นทุนแรงงาน/ยอดขายเพิ่ม, ","")&IF(E24>=3,"ร้องเรียนเยอะ, ",""))-2),IF(B24<0,"ยอดขายลด, ","")&IF(C24<0,"กำไรลด, ","")&IF(D24>0,"ต้นทุนแรงงาน/ยอดขายเพิ่ม, ","")&IF(E24>=3,"ร้องเรียนเยอะ, ","")))) | O24: =IF(A24="","",(B24<0)*1+(C24<0)*1+(D24>0)*1+(E24>=3)*1) | P24: =IF(A24="","",O24-IFERROR(B24/1000,0)) | Q24: =IF(A24="","",IFERROR(RANK(P24,$P$14:$P$36)+COUNTIF($P$14:P24,P24)-1,"")) | R24: =IF(A24="","",IFERROR(RANK(B24,$B$14:$B$36)+COUNTIF($B$14:B24,B24)-1,""))
A25: =IF(Aug!A122="","",Aug!A122) | B25: =IF(Aug!A122="","",Aug!D122) | C25: =IF(Aug!A122="","",Aug!G122) | D25: =IF(Aug!A122="","",Aug!AB122) | E25: =IF(Aug!A122="","",Aug!AE122) | F25: =IF(A25="","",IF((IF(B25<0,"ยอดขายลด, ","")&IF(C25<0,"กำไรลด, ","")&IF(D25>0,"ต้นทุนแรงงาน/ยอดขายเพิ่ม, ","")&IF(E25>=3,"ร้องเรียนเยอะ, ",""))="","ปกติ / ดี",IF(RIGHT(IF(B25<0,"ยอดขายลด, ","")&IF(C25<0,"กำไรลด, ","")&IF(D25>0,"ต้นทุนแรงงาน/ยอดขายเพิ่ม, ","")&IF(E25>=3,"ร้องเรียนเยอะ, ",""),2)=", ",LEFT(IF(B25<0,"ยอดขายลด, ","")&IF(C25<0,"กำไรลด, ","")&IF(D25>0,"ต้นทุนแรงงาน/ยอดขายเพิ่ม, ","")&IF(E25>=3,"ร้องเรียนเยอะ, ",""),LEN(IF(B25<0,"ยอดขายลด, ","")&IF(C25<0,"กำไรลด, ","")&IF(D25>0,"ต้นทุนแรงงาน/ยอดขายเพิ่ม, ","")&IF(E25>=3,"ร้องเรียนเยอะ, ",""))-2),IF(B25<0,"ยอดขายลด, ","")&IF(C25<0,"กำไรลด, ","")&IF(D25>0,"ต้นทุนแรงงาน/ยอดขายเพิ่ม, ","")&IF(E25>=3,"ร้องเรียนเยอะ, ","")))) | O25: =IF(A25="","",(B25<0)*1+(C25<0)*1+(D25>0)*1+(E25>=3)*1) | P25: =IF(A25="","",O25-IFERROR(B25/1000,0)) | Q25: =IF(A25="","",IFERROR(RANK(P25,$P$14:$P$36)+COUNTIF($P$14:P25,P25)-1,"")) | R25: =IF(A25="","",IFERROR(RANK(B25,$B$14:$B$36)+COUNTIF($B$14:B25,B25)-1,""))
... A28: =IF(Aug!A125="","",Aug!A125) | B28: =IF(Aug!A125="","",Aug!D125) | C28: =IF(Aug!A125="","",Aug!G125) | D28: =IF(Aug!A125="","",Aug!AB125) | E28: =IF(Aug!A125="","",Aug!AE125) | F28: =IF(A28="","",IF((IF(B28<0,"ยอดขายลด, ","")&IF(C28<0,"กำไรลด, ","")&IF(D28>0,"ต้นทุนแรงงาน/ยอดขายเพิ่ม, ","")&IF(E28>=3,"ร้องเรียนเยอะ, ",""))="","ปกติ / ดี",IF(RIGHT(IF(B28<0,"ยอดขายลด, ","")&IF(C28<0,"กำไรลด, ","")&IF(D28>0,"ต้นทุนแรงงาน/ยอดขายเพิ่ม, ","")&IF(E28>=3,"ร้องเรียนเยอะ, ",""),2)=", ",LEFT(IF(B28<0,"ยอดขายลด, ","")&IF(C28<0,"กำไรลด, ","")&IF(D28>0,"ต้นทุนแรงงาน/ยอดขายเพิ่ม, ","")&IF(E28>=3,"ร้องเรียนเยอะ, ",""),LEN(IF(B28<0,"ยอดขายลด, ","")&IF(C28<0,"กำไรลด, ","")&IF(D28>0,"ต้นทุนแรงงาน/ยอดขายเพิ่ม, ","")&IF(E28>=3,"ร้องเรียนเยอะ, ",""))-2),IF(B28<0,"ยอดขายลด, ","")&IF(C28<0,"กำไรลด, ","")&IF(D28>0,"ต้นทุนแรงงาน/ยอดขายเพิ่ม, ","")&IF(E28>=3,"ร้องเรียนเยอะ, ","")))) | O28: =IF(A28="","",(B28<0)*1+(C28<0)*1+(D28>0)*1+(E28>=3)*1) | P28: =IF(A28="","",O28-IFERROR(B28/1000,0)) | Q28: =IF(A28="","",IFERROR(RANK(P28,$P$14:$P$36)+COUNTIF($P$14:P28,P28)-1,"")) | R28: =IF(A28="","",IFERROR(RANK(B28,$B$14:$B$36)+COUNTIF($B$14:B28,B28)-1,""))
F29: =IF(A29="","",IF((IF(B29<0,"ยอดขายลด, ","")&IF(C29<0,"กำไรลด, ","")&IF(D29>0,"ต้นทุนแรงงาน/ยอดขายเพิ่ม, ","")&IF(E29>=3,"ร้องเรียนเยอะ, ",""))="","ปกติ / ดี",IF(RIGHT(IF(B29<0,"ยอดขายลด, ","")&IF(C29<0,"กำไรลด, ","")&IF(D29>0,"ต้นทุนแรงงาน/ยอดขายเพิ่ม, ","")&IF(E29>=3,"ร้องเรียนเยอะ, ",""),2)=", ",LEFT(IF(B29<0,"ยอดขายลด, ","")&IF(C29<0,"กำไรลด, ","")&IF(D29>0,"ต้นทุนแรงงาน/ยอดขายเพิ่ม, ","")&IF(E29>=3,"ร้องเรียนเยอะ, ",""),LEN(IF(B29<0,"ยอดขายลด, ","")&IF(C29<0,"กำไรลด, ","")&IF(D29>0,"ต้นทุนแรงงาน/ยอดขายเพิ่ม, ","")&IF(E29>=3,"ร้องเรียนเยอะ, ",""))-2),IF(B29<0,"ยอดขายลด, ","")&IF(C29<0,"กำไรลด, ","")&IF(D29>0,"ต้นทุนแรงงาน/ยอดขายเพิ่ม, ","")&IF(E29>=3,"ร้องเรียนเยอะ, ","")))) | O29: =IF(A29="","",(B29<0)*1+(C29<0)*1+(D29>0)*1+(E29>=3)*1) | P29: =IF(A29="","",O29-IFERROR(B29/1000,0)) | Q29: =IF(A29="","",IFERROR(RANK(P29,$P$14:$P$36)+COUNTIF($P$14:P29,P29)-1,"")) | R29: =IF(A29="","",IFERROR(RANK(B29,$B$14:$B$36)+COUNTIF($B$14:B29,B29)-1,""))
F30: =IF(A30="","",IF((IF(B30<0,"ยอดขายลด, ","")&IF(C30<0,"กำไรลด, ","")&IF(D30>0,"ต้นทุนแรงงาน/ยอดขายเพิ่ม, ","")&IF(E30>=3,"ร้องเรียนเยอะ, ",""))="","ปกติ / ดี",IF(RIGHT(IF(B30<0,"ยอดขายลด, ","")&IF(C30<0,"กำไรลด, ","")&IF(D30>0,"ต้นทุนแรงงาน/ยอดขายเพิ่ม, ","")&IF(E30>=3,"ร้องเรียนเยอะ, ",""),2)=", ",LEFT(IF(B30<0,"ยอดขายลด, ","")&IF(C30<0,"กำไรลด, ","")&IF(D30>0,"ต้นทุนแรงงาน/ยอดขายเพิ่ม, ","")&IF(E30>=3,"ร้องเรียนเยอะ, ",""),LEN(IF(B30<0,"ยอดขายลด, ","")&IF(C30<0,"กำไรลด, ","")&IF(D30>0,"ต้นทุนแรงงาน/ยอดขายเพิ่ม, ","")&IF(E30>=3,"ร้องเรียนเยอะ, ",""))-2),IF(B30<0,"ยอดขายลด, ","")&IF(C30<0,"กำไรลด, ","")&IF(D30>0,"ต้นทุนแรงงาน/ยอดขายเพิ่ม, ","")&IF(E30>=3,"ร้องเรียนเยอะ, ","")))) | O30: =IF(A30="","",(B30<0)*1+(C30<0)*1+(D30>0)*1+(E30>=3)*1) | P30: =IF(A30="","",O30-IFERROR(B30/1000,0)) | Q30: =IF(A30="","",IFERROR(RANK(P30,$P$14:$P$36)+COUNTIF($P$14:P30,P30)-1,"")) | R30: =IF(A30="","",IFERROR(RANK(B30,$B$14:$B$36)+COUNTIF($B$14:B30,B30)-1,""))
F31: =IF(A31="","",IF((IF(B31<0,"ยอดขายลด, ","")&IF(C31<0,"กำไรลด, ","")&IF(D31>0,"ต้นทุนแรงงาน/ยอดขายเพิ่ม, ","")&IF(E31>=3,"ร้องเรียนเยอะ, ",""))="","ปกติ / ดี",IF(RIGHT(IF(B31<0,"ยอดขายลด, ","")&IF(C31<0,"กำไรลด, ","")&IF(D31>0,"ต้นทุนแรงงาน/ยอดขายเพิ่ม, ","")&IF(E31>=3,"ร้องเรียนเยอะ, ",""),2)=", ",LEFT(IF(B31<0,"ยอดขายลด, ","")&IF(C31<0,"กำไรลด, ","")&IF(D31>0,"ต้นทุนแรงงาน/ยอดขายเพิ่ม, ","")&IF(E31>=3,"ร้องเรียนเยอะ, ",""),LEN(IF(B31<0,"ยอดขายลด, ","")&IF(C31<0,"กำไรลด, ","")&IF(D31>0,"ต้นทุนแรงงาน/ยอดขายเพิ่ม, ","")&IF(E31>=3,"ร้องเรียนเยอะ, ",""))-2),IF(B31<0,"ยอดขายลด, ","")&IF(C31<0,"กำไรลด, ","")&IF(D31>0,"ต้นทุนแรงงาน/ยอดขายเพิ่ม, ","")&IF(E31>=3,"ร้องเรียนเยอะ, ","")))) | O31: =IF(A31="","",(B31<0)*1+(C31<0)*1+(D31>0)*1+(E31>=3)*1) | P31: =IF(A31="","",O31-IFERROR(B31/1000,0)) | Q31: =IF(A31="","",IFERROR(RANK(P31,$P$14:$P$36)+COUNTIF($P$14:P31,P31)-1,"")) | R31: =IF(A31="","",IFERROR(RANK(B31,$B$14:$B$36)+COUNTIF($B$14:B31,B31)-1,""))
F32: =IF(A32="","",IF((IF(B32<0,"ยอดขายลด, ","")&IF(C32<0,"กำไรลด, ","")&IF(D32>0,"ต้นทุนแรงงาน/ยอดขายเพิ่ม, ","")&IF(E32>=3,"ร้องเรียนเยอะ, ",""))="","ปกติ / ดี",IF(RIGHT(IF(B32<0,"ยอดขายลด, ","")&IF(C32<0,"กำไรลด, ","")&IF(D32>0,"ต้นทุนแรงงาน/ยอดขายเพิ่ม, ","")&IF(E32>=3,"ร้องเรียนเยอะ, ",""),2)=", ",LEFT(IF(B32<0,"ยอดขายลด, ","")&IF(C32<0,"กำไรลด, ","")&IF(D32>0,"ต้นทุนแรงงาน/ยอดขายเพิ่ม, ","")&IF(E32>=3,"ร้องเรียนเยอะ, ",""),LEN(IF(B32<0,"ยอดขายลด, ","")&IF(C32<0,"กำไรลด, ","")&IF(D32>0,"ต้นทุนแรงงาน/ยอดขายเพิ่ม, ","")&IF(E32>=3,"ร้องเรียนเยอะ, ",""))-2),IF(B32<0,"ยอดขายลด, ","")&IF(C32<0,"กำไรลด, ","")&IF(D32>0,"ต้นทุนแรงงาน/ยอดขายเพิ่ม, ","")&IF(E32>=3,"ร้องเรียนเยอะ, ","")))) | O32: =IF(A32="","",(B32<0)*1+(C32<0)*1+(D32>0)*1+(E32>=3)*1) | P32: =IF(A32="","",O32-IFERROR(B32/1000,0)) | Q32: =IF(A32="","",IFERROR(RANK(P32,$P$14:$P$36)+COUNTIF($P$14:P32,P32)-1,"")) | R32: =IF(A32="","",IFERROR(RANK(B32,$B$14:$B$36)+COUNTIF($B$14:B32,B32)-1,""))
F33: =IF(A33="","",IF((IF(B33<0,"ยอดขายลด, ","")&IF(C33<0,"กำไรลด, ","")&IF(D33>0,"ต้นทุนแรงงาน/ยอดขายเพิ่ม, ","")&IF(E33>=3,"ร้องเรียนเยอะ, ",""))="","ปกติ / ดี",IF(RIGHT(IF(B33<0,"ยอดขายลด, ","")&IF(C33<0,"กำไรลด, ","")&IF(D33>0,"ต้นทุนแรงงาน/ยอดขายเพิ่ม, ","")&IF(E33>=3,"ร้องเรียนเยอะ, ",""),2)=", ",LEFT(IF(B33<0,"ยอดขายลด, ","")&IF(C33<0,"กำไรลด, ","")&IF(D33>0,"ต้นทุนแรงงาน/ยอดขายเพิ่ม, ","")&IF(E33>=3,"ร้องเรียนเยอะ, ",""),LEN(IF(B33<0,"ยอดขายลด, ","")&IF(C33<0,"กำไรลด, ","")&IF(D33>0,"ต้นทุนแรงงาน/ยอดขายเพิ่ม, ","")&IF(E33>=3,"ร้องเรียนเยอะ, ",""))-2),IF(B33<0,"ยอดขายลด, ","")&IF(C33<0,"กำไรลด, ","")&IF(D33>0,"ต้นทุนแรงงาน/ยอดขายเพิ่ม, ","")&IF(E33>=3,"ร้องเรียนเยอะ, ","")))) | O33: =IF(A33="","",(B33<0)*1+(C33<0)*1+(D33>0)*1+(E33>=3)*1) | P33: =IF(A33="","",O33-IFERROR(B33/1000,0)) | Q33: =IF(A33="","",IFERROR(RANK(P33,$P$14:$P$36)+COUNTIF($P$14:P33,P33)-1,"")) | R33: =IF(A33="","",IFERROR(RANK(B33,$B$14:$B$36)+COUNTIF($B$14:B33,B33)-1,""))
F34: =IF(A34="","",IF((IF(B34<0,"ยอดขายลด, ","")&IF(C34<0,"กำไรลด, ","")&IF(D34>0,"ต้นทุนแรงงาน/ยอดขายเพิ่ม, ","")&IF(E34>=3,"ร้องเรียนเยอะ, ",""))="","ปกติ / ดี",IF(RIGHT(IF(B34<0,"ยอดขายลด, ","")&IF(C34<0,"กำไรลด, ","")&IF(D34>0,"ต้นทุนแรงงาน/ยอดขายเพิ่ม, ","")&IF(E34>=3,"ร้องเรียนเยอะ, ",""),2)=", ",LEFT(IF(B34<0,"ยอดขายลด, ","")&IF(C34<0,"กำไรลด, ","")&IF(D34>0,"ต้นทุนแรงงาน/ยอดขายเพิ่ม, ","")&IF(E34>=3,"ร้องเรียนเยอะ, ",""),LEN(IF(B34<0,"ยอดขายลด, ","")&IF(C34<0,"กำไรลด, ","")&IF(D34>0,"ต้นทุนแรงงาน/ยอดขายเพิ่ม, ","")&IF(E34>=3,"ร้องเรียนเยอะ, ",""))-2),IF(B34<0,"ยอดขายลด, ","")&IF(C34<0,"กำไรลด, ","")&IF(D34>0,"ต้นทุนแรงงาน/ยอดขายเพิ่ม, ","")&IF(E34>=3,"ร้องเรียนเยอะ, ","")))) | O34: =IF(A34="","",(B34<0)*1+(C34<0)*1+(D34>0)*1+(E34>=3)*1) | P34: =IF(A34="","",O34-IFERROR(B34/1000,0)) | Q34: =IF(A34="","",IFERROR(RANK(P34,$P$14:$P$36)+COUNTIF($P$14:P34,P34)-1,"")) | R34: =IF(A34="","",IFERROR(RANK(B34,$B$14:$B$36)+COUNTIF($B$14:B34,B34)-1,""))
F35: =IF(A35="","",IF((IF(B35<0,"ยอดขายลด, ","")&IF(C35<0,"กำไรลด, ","")&IF(D35>0,"ต้นทุนแรงงาน/ยอดขายเพิ่ม, ","")&IF(E35>=3,"ร้องเรียนเยอะ, ",""))="","ปกติ / ดี",IF(RIGHT(IF(B35<0,"ยอดขายลด, ","")&IF(C35<0,"กำไรลด, ","")&IF(D35>0,"ต้นทุนแรงงาน/ยอดขายเพิ่ม, ","")&IF(E35>=3,"ร้องเรียนเยอะ, ",""),2)=", ",LEFT(IF(B35<0,"ยอดขายลด, ","")&IF(C35<0,"กำไรลด, ","")&IF(D35>0,"ต้นทุนแรงงาน/ยอดขายเพิ่ม, ","")&IF(E35>=3,"ร้องเรียนเยอะ, ",""),LEN(IF(B35<0,"ยอดขายลด, ","")&IF(C35<0,"กำไรลด, ","")&IF(D35>0,"ต้นทุนแรงงาน/ยอดขายเพิ่ม, ","")&IF(E35>=3,"ร้องเรียนเยอะ, ",""))-2),IF(B35<0,"ยอดขายลด, ","")&IF(C35<0,"กำไรลด, ","")&IF(D35>0,"ต้นทุนแรงงาน/ยอดขายเพิ่ม, ","")&IF(E35>=3,"ร้องเรียนเยอะ, ","")))) | O35: =IF(A35="","",(B35<0)*1+(C35<0)*1+(D35>0)*1+(E35>=3)*1) | P35: =IF(A35="","",O35-IFERROR(B35/1000,0)) | Q35: =IF(A35="","",IFERROR(RANK(P35,$P$14:$P$36)+COUNTIF($P$14:P35,P35)-1,"")) | R35: =IF(A35="","",IFERROR(RANK(B35,$B$14:$B$36)+COUNTIF($B$14:B35,B35)-1,""))
F36: =IF(A36="","",IF((IF(B36<0,"ยอดขายลด, ","")&IF(C36<0,"กำไรลด, ","")&IF(D36>0,"ต้นทุนแรงงาน/ยอดขายเพิ่ม, ","")&IF(E36>=3,"ร้องเรียนเยอะ, ",""))="","ปกติ / ดี",IF(RIGHT(IF(B36<0,"ยอดขายลด, ","")&IF(C36<0,"กำไรลด, ","")&IF(D36>0,"ต้นทุนแรงงาน/ยอดขายเพิ่ม, ","")&IF(E36>=3,"ร้องเรียนเยอะ, ",""),2)=", ",LEFT(IF(B36<0,"ยอดขายลด, ","")&IF(C36<0,"กำไรลด, ","")&IF(D36>0,"ต้นทุนแรงงาน/ยอดขายเพิ่ม, ","")&IF(E36>=3,"ร้องเรียนเยอะ, ",""),LEN(IF(B36<0,"ยอดขายลด, ","")&IF(C36<0,"กำไรลด, ","")&IF(D36>0,"ต้นทุนแรงงาน/ยอดขายเพิ่ม, ","")&IF(E36>=3,"ร้องเรียนเยอะ, ",""))-2),IF(B36<0,"ยอดขายลด, ","")&IF(C36<0,"กำไรลด, ","")&IF(D36>0,"ต้นทุนแรงงาน/ยอดขายเพิ่ม, ","")&IF(E36>=3,"ร้องเรียนเยอะ, ","")))) | O36: =IF(A36="","",(B36<0)*1+(C36<0)*1+(D36>0)*1+(E36>=3)*1) | P36: =IF(A36="","",O36-IFERROR(B36/1000,0)) | Q36: =IF(A36="","",IFERROR(RANK(P36,$P$14:$P$36)+COUNTIF($P$14:P36,P36)-1,"")) | R36: =IF(A36="","",IFERROR(RANK(B36,$B$14:$B$36)+COUNTIF($B$14:B36,B36)-1,""))
A38: (Top 5 Best — by Sales Growth) | H38: (Needs Attention)
A39: # | B39: สาขา | E39: ยอดขาย YoY% | H39: # | I39: สาขา | K39: ประเด็นที่พบ
A40: 1 | B40: =IFERROR(INDEX($A$14:$A$36,MATCH(1,$R$14:$R$36,0)),"-") -> - | E40: =IFERROR(INDEX($B$14:$B$36,MATCH(1,$R$14:$R$36,0)),"") | H40: 1 | I40: =IFERROR(INDEX($A$14:$A$36,MATCH(1,$Q$14:$Q$36,0)),"-") -> - | K40: =IFERROR(INDEX($F$14:$F$36,MATCH(1,$Q$14:$Q$36,0)),"")
A41: 2 | B41: =IFERROR(INDEX($A$14:$A$36,MATCH(2,$R$14:$R$36,0)),"-") -> - | E41: =IFERROR(INDEX($B$14:$B$36,MATCH(2,$R$14:$R$36,0)),"") | H41: 2 | I41: =IFERROR(INDEX($A$14:$A$36,MATCH(2,$Q$14:$Q$36,0)),"-") -> - | K41: =IFERROR(INDEX($F$14:$F$36,MATCH(2,$Q$14:$Q$36,0)),"")
A42: 3 | B42: =IFERROR(INDEX($A$14:$A$36,MATCH(3,$R$14:$R$36,0)),"-") -> - | E42: =IFERROR(INDEX($B$14:$B$36,MATCH(3,$R$14:$R$36,0)),"") | H42: 3 | I42: =IFERROR(INDEX($A$14:$A$36,MATCH(3,$Q$14:$Q$36,0)),"-") -> - | K42: =IFERROR(INDEX($F$14:$F$36,MATCH(3,$Q$14:$Q$36,0)),"")
A43: 4 | B43: =IFERROR(INDEX($A$14:$A$36,MATCH(4,$R$14:$R$36,0)),"-") -> - | E43: =IFERROR(INDEX($B$14:$B$36,MATCH(4,$R$14:$R$36,0)),"") | H43: 4 | I43: =IFERROR(INDEX($A$14:$A$36,MATCH(4,$Q$14:$Q$36,0)),"-") -> - | K43: =IFERROR(INDEX($F$14:$F$36,MATCH(4,$Q$14:$Q$36,0)),"")
A44: 5 | B44: =IFERROR(INDEX($A$14:$A$36,MATCH(5,$R$14:$R$36,0)),"-") -> - | E44: =IFERROR(INDEX($B$14:$B$36,MATCH(5,$R$14:$R$36,0)),"") | H44: 5 | I44: =IFERROR(INDEX($A$14:$A$36,MATCH(5,$Q$14:$Q$36,0)),"-") -> - | K44: =IFERROR(INDEX($F$14:$F$36,MATCH(5,$Q$14:$Q$36,0)),"")
A65: เปรียบเทียบ Month-on-Month (MoM) — เดือนนี้ vs เดือนก่อนหน้า
A66: ="เดือนก่อนหน้า (Previous Month): "&IF(Aug!B130="","(ยังไม่ระบุ)",Aug!B130)&" | เดือนนี้ (Current Month): "&IF(Aug!B107="","(ยังไม่ระบุ)",Aug!B107) -> เดือนก่อนหน้า (Previous Month): (ยังไม่ระบุ) | เดือนนี้ (Current Month): (ยังไม่ระบุ)
A68: ยอดขายรวม (Sales) — MoM | D68: กำไร EBIT รวม (฿) — MoM | G68: ต้นทุนขาย COGs รวม — MoM | J68: ค่าแรง COL รวม (฿) — MoM
A69: ="ก่อน: "&TEXT(SUM(Aug!B134:B148),"#,##0")&" นี้: "&TEXT(SUM(Aug!C111:C125),"#,##0") -> ก่อน: 0 นี้: 0 | D69: ="ก่อน: "&TEXT(SUM(Aug!C134:C148),"#,##0")&" นี้: "&TEXT(SUM(Aug!F111:F125),"#,##0") -> ก่อน: 0 นี้: 0 | G69: ="ก่อน: "&TEXT(SUM(Aug!D134:D148),"#,##0")&" นี้: "&TEXT(SUM(Aug!U111:U125),"#,##0") -> ก่อน: 0 นี้: 0 | J69: ="ก่อน: "&TEXT(SUM(Aug!E134:E148),"#,##0")&" นี้: "&TEXT(SUM(Aug!X111:X125),"#,##0") -> ก่อน: 0 นี้: 0
A70: =IFERROR(TEXT((SUM(Aug!C111:C125)-SUM(Aug!B134:B148))/SUM(Aug!B134:B148),"+0.0%;-0.0%")&" MoM","-") -> - | D70: =IFERROR(TEXT((SUM(Aug!F111:F125)-SUM(Aug!C134:C148))/SUM(Aug!C134:C148),"+0.0%;-0.0%")&" MoM","-") -> - | G70: =IFERROR(TEXT((SUM(Aug!U111:U125)-SUM(Aug!D134:D148))/SUM(Aug!D134:D148),"+0.0%;-0.0%")&" MoM","-") -> - | J70: =IFERROR(TEXT((SUM(Aug!X111:X125)-SUM(Aug!E134:E148))/SUM(Aug!E134:E148),"+0.0%;-0.0%")&" MoM","-") -> -
A72: ข้อร้องเรียนรวม (Complaint) — MoM | D72: OT รวม (฿) — MoM
A73: ="ก่อน: "&TEXT(SUM(Aug!H134:H148),"#,##0")&" นี้: "&TEXT(SUM(Aug!AE111:AE125),"#,##0")&" ("&TEXT(SUM(Aug!AE111:AE125)-SUM(Aug!H134:H148),"+#,##0;-#,##0")&")" -> ก่อน: 0 นี้: 0 (+0) | D73: ="ก่อน: "&TEXT(SUM(Aug!G134:G148),"#,##0")&" นี้: "&TEXT(SUM(Aug!AC111:AC125),"#,##0")&" ("&TEXT(SUM(Aug!AC111:AC125)-SUM(Aug!G134:G148),"+#,##0;-#,##0")&")" -> ก่อน: 0 นี้: 0 (+0)
A76: ผลการดำเนินงานรายสาขา (Branch Performance) — เทียบ MoM
A77: สาขา (Branch) | B77: ยอดขาย MoM% | C77: EBIT MoM% | D77: COGs MoM% | E77: COL% to Sales Δ (MoM) | F77: Complaint Δ (MoM) | G77: สถานะ / ประเด็นที่พบ (MoM) | H77: Trans Dine In MoM% | I77: Ticket Dine In MoM% | J77: Trans Del MoM% | K77: Ticket Del MoM% | L77: OSS % Δ (MoM)
A78: =IF(Aug!A111="","",Aug!A111) | B78: =IF(A78="","",IFERROR((Aug!C111-Aug!B134)/Aug!B134,"")) | C78: =IF(A78="","",IFERROR((Aug!F111-Aug!C134)/ABS(Aug!C134),"")) | D78: =IF(A78="","",IFERROR((Aug!U111-Aug!D134)/Aug!D134,"")) | E78: =IF(A78="","",IFERROR(Aug!AA111-Aug!F134,"")) | F78: =IF(A78="","",Aug!AE111-Aug!H134) | G78: =IF(A78="","",IF((IF(B78<0,"ยอดขายลด, ","")&IF(C78<0,"กำไรลด, ","")&IF(D78>0,"ต้นทุนขายเพิ่ม, ","")&IF(E78>0,"ต้นทุนแรงงาน/ยอดขายเพิ่ม, ","")&IF(F78>0,"ร้องเรียนเพิ่ม, ",""))="","ปกติ / ดี",IF(RIGHT(IF(B78<0,"ยอดขายลด, ","")&IF(C78<0,"กำไรลด, ","")&IF(D78>0,"ต้นทุนขายเพิ่ม, ","")&IF(E78>0,"ต้นทุนแรงงาน/ยอดขายเพิ่ม, ","")&IF(F78>0,"ร้องเรียนเพิ่ม, ",""),2)=", ",LEFT(IF(B78<0,"ยอดขายลด, ","")&IF(C78<0,"กำไรลด, ","")&IF(D78>0,"ต้นทุนขายเพิ่ม, ","")&IF(E78>0,"ต้นทุนแรงงาน/ยอดขายเพิ่ม, ","")&IF(F78>0,"ร้องเรียนเพิ่ม, ",""),LEN(IF(B78<0,"ยอดขายลด, ","")&IF(C78<0,"กำไรลด, ","")&IF(D78>0,"ต้นทุนขายเพิ่ม, ","")&IF(E78>0,"ต้นทุนแรงงาน/ยอดขายเพิ่ม, ","")&IF(F78>0,"ร้องเรียนเพิ่ม, ",""))-2),IF(B78<0,"ยอดขายลด, ","")&IF(C78<0,"กำไรลด, ","")&IF(D78>0,"ต้นทุนขายเพิ่ม, ","")&IF(E78>0,"ต้นทุนแรงงาน/ยอดขายเพิ่ม, ","")&IF(F78>0,"ร้องเรียนเพิ่ม, ","")))) | H78: =IF(A78="","",IFERROR((Aug!I111-I134)/I134,"")) | I78: =IF(A78="","",IFERROR((Aug!L111-J134)/J134,"")) | J78: =IF(A78="","",IFERROR((Aug!O111-K134)/K134,"")) | K78: =IF(A78="","",IFERROR((Aug!R111-L134)/L134,"")) | L78: =IF(A78="","",IFERROR(Aug!AD111-M134,"")) | S78: =IF(A78="","",(B78<0)*1+(C78<0)*1+(E78>0)*1+(F78>0)*1) | T78: =IF(A78="","",S78-IFERROR(B78/1000,0)) | U78: =IF(A78="","",IFERROR(RANK(T78,$T$78:$T$92)+COUNTIF($T$78:T78,T78)-1,"")) | V78: =IF(A78="","",IFERROR(RANK(B78,$B$78:$B$92)+COUNTIF($B$78:B78,B78)-1,""))
A79: =IF(Aug!A112="","",Aug!A112) | B79: =IF(A79="","",IFERROR((Aug!C112-Aug!B135)/Aug!B135,"")) | C79: =IF(A79="","",IFERROR((Aug!F112-Aug!C135)/ABS(Aug!C135),"")) | D79: =IF(A79="","",IFERROR((Aug!U112-Aug!D135)/Aug!D135,"")) | E79: =IF(A79="","",IFERROR(Aug!AA112-Aug!F135,"")) | F79: =IF(A79="","",Aug!AE112-Aug!H135) | G79: =IF(A79="","",IF((IF(B79<0,"ยอดขายลด, ","")&IF(C79<0,"กำไรลด, ","")&IF(D79>0,"ต้นทุนขายเพิ่ม, ","")&IF(E79>0,"ต้นทุนแรงงาน/ยอดขายเพิ่ม, ","")&IF(F79>0,"ร้องเรียนเพิ่ม, ",""))="","ปกติ / ดี",IF(RIGHT(IF(B79<0,"ยอดขายลด, ","")&IF(C79<0,"กำไรลด, ","")&IF(D79>0,"ต้นทุนขายเพิ่ม, ","")&IF(E79>0,"ต้นทุนแรงงาน/ยอดขายเพิ่ม, ","")&IF(F79>0,"ร้องเรียนเพิ่ม, ",""),2)=", ",LEFT(IF(B79<0,"ยอดขายลด, ","")&IF(C79<0,"กำไรลด, ","")&IF(D79>0,"ต้นทุนขายเพิ่ม, ","")&IF(E79>0,"ต้นทุนแรงงาน/ยอดขายเพิ่ม, ","")&IF(F79>0,"ร้องเรียนเพิ่ม, ",""),LEN(IF(B79<0,"ยอดขายลด, ","")&IF(C79<0,"กำไรลด, ","")&IF(D79>0,"ต้นทุนขายเพิ่ม, ","")&IF(E79>0,"ต้นทุนแรงงาน/ยอดขายเพิ่ม, ","")&IF(F79>0,"ร้องเรียนเพิ่ม, ",""))-2),IF(B79<0,"ยอดขายลด, ","")&IF(C79<0,"กำไรลด, ","")&IF(D79>0,"ต้นทุนขายเพิ่ม, ","")&IF(E79>0,"ต้นทุนแรงงาน/ยอดขายเพิ่ม, ","")&IF(F79>0,"ร้องเรียนเพิ่ม, ","")))) | H79: =IF(A79="","",IFERROR((Aug!I112-I135)/I135,"")) | I79: =IF(A79="","",IFERROR((Aug!L112-J135)/J135,"")) | J79: =IF(A79="","",IFERROR((Aug!O112-K135)/K135,"")) | K79: =IF(A79="","",IFERROR((Aug!R112-L135)/L135,"")) | L79: =IF(A79="","",IFERROR(Aug!AD112-M135,"")) | S79: =IF(A79="","",(B79<0)*1+(C79<0)*1+(E79>0)*1+(F79>0)*1) | T79: =IF(A79="","",S79-IFERROR(B79/1000,0)) | U79: =IF(A79="","",IFERROR(RANK(T79,$T$78:$T$92)+COUNTIF($T$78:T79,T79)-1,"")) | V79: =IF(A79="","",IFERROR(RANK(B79,$B$78:$B$92)+COUNTIF($B$78:B79,B79)-1,""))
A80: =IF(Aug!A113="","",Aug!A113) | B80: =IF(A80="","",IFERROR((Aug!C113-Aug!B136)/Aug!B136,"")) | C80: =IF(A80="","",IFERROR((Aug!F113-Aug!C136)/ABS(Aug!C136),"")) | D80: =IF(A80="","",IFERROR((Aug!U113-Aug!D136)/Aug!D136,"")) | E80: =IF(A80="","",IFERROR(Aug!AA113-Aug!F136,"")) | F80: =IF(A80="","",Aug!AE113-Aug!H136) | G80: =IF(A80="","",IF((IF(B80<0,"ยอดขายลด, ","")&IF(C80<0,"กำไรลด, ","")&IF(D80>0,"ต้นทุนขายเพิ่ม, ","")&IF(E80>0,"ต้นทุนแรงงาน/ยอดขายเพิ่ม, ","")&IF(F80>0,"ร้องเรียนเพิ่ม, ",""))="","ปกติ / ดี",IF(RIGHT(IF(B80<0,"ยอดขายลด, ","")&IF(C80<0,"กำไรลด, ","")&IF(D80>0,"ต้นทุนขายเพิ่ม, ","")&IF(E80>0,"ต้นทุนแรงงาน/ยอดขายเพิ่ม, ","")&IF(F80>0,"ร้องเรียนเพิ่ม, ",""),2)=", ",LEFT(IF(B80<0,"ยอดขายลด, ","")&IF(C80<0,"กำไรลด, ","")&IF(D80>0,"ต้นทุนขายเพิ่ม, ","")&IF(E80>0,"ต้นทุนแรงงาน/ยอดขายเพิ่ม, ","")&IF(F80>0,"ร้องเรียนเพิ่ม, ",""),LEN(IF(B80<0,"ยอดขายลด, ","")&IF(C80<0,"กำไรลด, ","")&IF(D80>0,"ต้นทุนขายเพิ่ม, ","")&IF(E80>0,"ต้นทุนแรงงาน/ยอดขายเพิ่ม, ","")&IF(F80>0,"ร้องเรียนเพิ่ม, ",""))-2),IF(B80<0,"ยอดขายลด, ","")&IF(C80<0,"กำไรลด, ","")&IF(D80>0,"ต้นทุนขายเพิ่ม, ","")&IF(E80>0,"ต้นทุนแรงงาน/ยอดขายเพิ่ม, ","")&IF(F80>0,"ร้องเรียนเพิ่ม, ","")))) | H80: =IF(A80="","",IFERROR((Aug!I113-I136)/I136,"")) | I80: =IF(A80="","",IFERROR((Aug!L113-J136)/J136,"")) | J80: =IF(A80="","",IFERROR((Aug!O113-K136)/K136,"")) | K80: =IF(A80="","",IFERROR((Aug!R113-L136)/L136,"")) | L80: =IF(A80="","",IFERROR(Aug!AD113-M136,"")) | S80: =IF(A80="","",(B80<0)*1+(C80<0)*1+(E80>0)*1+(F80>0)*1) | T80: =IF(A80="","",S80-IFERROR(B80/1000,0)) | U80: =IF(A80="","",IFERROR(RANK(T80,$T$78:$T$92)+COUNTIF($T$78:T80,T80)-1,"")) | V80: =IF(A80="","",IFERROR(RANK(B80,$B$78:$B$92)+COUNTIF($B$78:B80,B80)-1,""))
A81: =IF(Aug!A114="","",Aug!A114) | B81: =IF(A81="","",IFERROR((Aug!C114-Aug!B137)/Aug!B137,"")) | C81: =IF(A81="","",IFERROR((Aug!F114-Aug!C137)/ABS(Aug!C137),"")) | D81: =IF(A81="","",IFERROR((Aug!U114-Aug!D137)/Aug!D137,"")) | E81: =IF(A81="","",IFERROR(Aug!AA114-Aug!F137,"")) | F81: =IF(A81="","",Aug!AE114-Aug!H137) | G81: =IF(A81="","",IF((IF(B81<0,"ยอดขายลด, ","")&IF(C81<0,"กำไรลด, ","")&IF(D81>0,"ต้นทุนขายเพิ่ม, ","")&IF(E81>0,"ต้นทุนแรงงาน/ยอดขายเพิ่ม, ","")&IF(F81>0,"ร้องเรียนเพิ่ม, ",""))="","ปกติ / ดี",IF(RIGHT(IF(B81<0,"ยอดขายลด, ","")&IF(C81<0,"กำไรลด, ","")&IF(D81>0,"ต้นทุนขายเพิ่ม, ","")&IF(E81>0,"ต้นทุนแรงงาน/ยอดขายเพิ่ม, ","")&IF(F81>0,"ร้องเรียนเพิ่ม, ",""),2)=", ",LEFT(IF(B81<0,"ยอดขายลด, ","")&IF(C81<0,"กำไรลด, ","")&IF(D81>0,"ต้นทุนขายเพิ่ม, ","")&IF(E81>0,"ต้นทุนแรงงาน/ยอดขายเพิ่ม, ","")&IF(F81>0,"ร้องเรียนเพิ่ม, ",""),LEN(IF(B81<0,"ยอดขายลด, ","")&IF(C81<0,"กำไรลด, ","")&IF(D81>0,"ต้นทุนขายเพิ่ม, ","")&IF(E81>0,"ต้นทุนแรงงาน/ยอดขายเพิ่ม, ","")&IF(F81>0,"ร้องเรียนเพิ่ม, ",""))-2),IF(B81<0,"ยอดขายลด, ","")&IF(C81<0,"กำไรลด, ","")&IF(D81>0,"ต้นทุนขายเพิ่ม, ","")&IF(E81>0,"ต้นทุนแรงงาน/ยอดขายเพิ่ม, ","")&IF(F81>0,"ร้องเรียนเพิ่ม, ","")))) | H81: =IF(A81="","",IFERROR((Aug!I114-I137)/I137,"")) | I81: =IF(A81="","",IFERROR((Aug!L114-J137)/J137,"")) | J81: =IF(A81="","",IFERROR((Aug!O114-K137)/K137,"")) | K81: =IF(A81="","",IFERROR((Aug!R114-L137)/L137,"")) | L81: =IF(A81="","",IFERROR(Aug!AD114-M137,"")) | S81: =IF(A81="","",(B81<0)*1+(C81<0)*1+(E81>0)*1+(F81>0)*1) | T81: =IF(A81="","",S81-IFERROR(B81/1000,0)) | U81: =IF(A81="","",IFERROR(RANK(T81,$T$78:$T$92)+COUNTIF($T$78:T81,T81)-1,"")) | V81: =IF(A81="","",IFERROR(RANK(B81,$B$78:$B$92)+COUNTIF($B$78:B81,B81)-1,""))
A82: =IF(Aug!A115="","",Aug!A115) | B82: =IF(A82="","",IFERROR((Aug!C115-Aug!B138)/Aug!B138,"")) | C82: =IF(A82="","",IFERROR((Aug!F115-Aug!C138)/ABS(Aug!C138),"")) | D82: =IF(A82="","",IFERROR((Aug!U115-Aug!D138)/Aug!D138,"")) | E82: =IF(A82="","",IFERROR(Aug!AA115-Aug!F138,"")) | F82: =IF(A82="","",Aug!AE115-Aug!H138) | G82: =IF(A82="","",IF((IF(B82<0,"ยอดขายลด, ","")&IF(C82<0,"กำไรลด, ","")&IF(D82>0,"ต้นทุนขายเพิ่ม, ","")&IF(E82>0,"ต้นทุนแรงงาน/ยอดขายเพิ่ม, ","")&IF(F82>0,"ร้องเรียนเพิ่ม, ",""))="","ปกติ / ดี",IF(RIGHT(IF(B82<0,"ยอดขายลด, ","")&IF(C82<0,"กำไรลด, ","")&IF(D82>0,"ต้นทุนขายเพิ่ม, ","")&IF(E82>0,"ต้นทุนแรงงาน/ยอดขายเพิ่ม, ","")&IF(F82>0,"ร้องเรียนเพิ่ม, ",""),2)=", ",LEFT(IF(B82<0,"ยอดขายลด, ","")&IF(C82<0,"กำไรลด, ","")&IF(D82>0,"ต้นทุนขายเพิ่ม, ","")&IF(E82>0,"ต้นทุนแรงงาน/ยอดขายเพิ่ม, ","")&IF(F82>0,"ร้องเรียนเพิ่ม, ",""),LEN(IF(B82<0,"ยอดขายลด, ","")&IF(C82<0,"กำไรลด, ","")&IF(D82>0,"ต้นทุนขายเพิ่ม, ","")&IF(E82>0,"ต้นทุนแรงงาน/ยอดขายเพิ่ม, ","")&IF(F82>0,"ร้องเรียนเพิ่ม, ",""))-2),IF(B82<0,"ยอดขายลด, ","")&IF(C82<0,"กำไรลด, ","")&IF(D82>0,"ต้นทุนขายเพิ่ม, ","")&IF(E82>0,"ต้นทุนแรงงาน/ยอดขายเพิ่ม, ","")&IF(F82>0,"ร้องเรียนเพิ่ม, ","")))) | H82: =IF(A82="","",IFERROR((Aug!I115-I138)/I138,"")) | I82: =IF(A82="","",IFERROR((Aug!L115-J138)/J138,"")) | J82: =IF(A82="","",IFERROR((Aug!O115-K138)/K138,"")) | K82: =IF(A82="","",IFERROR((Aug!R115-L138)/L138,"")) | L82: =IF(A82="","",IFERROR(Aug!AD115-M138,"")) | S82: =IF(A82="","",(B82<0)*1+(C82<0)*1+(E82>0)*1+(F82>0)*1) | T82: =IF(A82="","",S82-IFERROR(B82/1000,0)) | U82: =IF(A82="","",IFERROR(RANK(T82,$T$78:$T$92)+COUNTIF($T$78:T82,T82)-1,"")) | V82: =IF(A82="","",IFERROR(RANK(B82,$B$78:$B$92)+COUNTIF($B$78:B82,B82)-1,""))
A83: =IF(Aug!A116="","",Aug!A116) | B83: =IF(A83="","",IFERROR((Aug!C116-Aug!B139)/Aug!B139,"")) | C83: =IF(A83="","",IFERROR((Aug!F116-Aug!C139)/ABS(Aug!C139),"")) | D83: =IF(A83="","",IFERROR((Aug!U116-Aug!D139)/Aug!D139,"")) | E83: =IF(A83="","",IFERROR(Aug!AA116-Aug!F139,"")) | F83: =IF(A83="","",Aug!AE116-Aug!H139) | G83: =IF(A83="","",IF((IF(B83<0,"ยอดขายลด, ","")&IF(C83<0,"กำไรลด, ","")&IF(D83>0,"ต้นทุนขายเพิ่ม, ","")&IF(E83>0,"ต้นทุนแรงงาน/ยอดขายเพิ่ม, ","")&IF(F83>0,"ร้องเรียนเพิ่ม, ",""))="","ปกติ / ดี",IF(RIGHT(IF(B83<0,"ยอดขายลด, ","")&IF(C83<0,"กำไรลด, ","")&IF(D83>0,"ต้นทุนขายเพิ่ม, ","")&IF(E83>0,"ต้นทุนแรงงาน/ยอดขายเพิ่ม, ","")&IF(F83>0,"ร้องเรียนเพิ่ม, ",""),2)=", ",LEFT(IF(B83<0,"ยอดขายลด, ","")&IF(C83<0,"กำไรลด, ","")&IF(D83>0,"ต้นทุนขายเพิ่ม, ","")&IF(E83>0,"ต้นทุนแรงงาน/ยอดขายเพิ่ม, ","")&IF(F83>0,"ร้องเรียนเพิ่ม, ",""),LEN(IF(B83<0,"ยอดขายลด, ","")&IF(C83<0,"กำไรลด, ","")&IF(D83>0,"ต้นทุนขายเพิ่ม, ","")&IF(E83>0,"ต้นทุนแรงงาน/ยอดขายเพิ่ม, ","")&IF(F83>0,"ร้องเรียนเพิ่ม, ",""))-2),IF(B83<0,"ยอดขายลด, ","")&IF(C83<0,"กำไรลด, ","")&IF(D83>0,"ต้นทุนขายเพิ่ม, ","")&IF(E83>0,"ต้นทุนแรงงาน/ยอดขายเพิ่ม, ","")&IF(F83>0,"ร้องเรียนเพิ่ม, ","")))) | H83: =IF(A83="","",IFERROR((Aug!I116-I139)/I139,"")) | I83: =IF(A83="","",IFERROR((Aug!L116-J139)/J139,"")) | J83: =IF(A83="","",IFERROR((Aug!O116-K139)/K139,"")) | K83: =IF(A83="","",IFERROR((Aug!R116-L139)/L139,"")) | L83: =IF(A83="","",IFERROR(Aug!AD116-M139,"")) | S83: =IF(A83="","",(B83<0)*1+(C83<0)*1+(E83>0)*1+(F83>0)*1) | T83: =IF(A83="","",S83-IFERROR(B83/1000,0)) | U83: =IF(A83="","",IFERROR(RANK(T83,$T$78:$T$92)+COUNTIF($T$78:T83,T83)-1,"")) | V83: =IF(A83="","",IFERROR(RANK(B83,$B$78:$B$92)+COUNTIF($B$78:B83,B83)-1,""))
A84: =IF(Aug!A117="","",Aug!A117) | B84: =IF(A84="","",IFERROR((Aug!C117-Aug!B140)/Aug!B140,"")) | C84: =IF(A84="","",IFERROR((Aug!F117-Aug!C140)/ABS(Aug!C140),"")) | D84: =IF(A84="","",IFERROR((Aug!U117-Aug!D140)/Aug!D140,"")) | E84: =IF(A84="","",IFERROR(Aug!AA117-Aug!F140,"")) | F84: =IF(A84="","",Aug!AE117-Aug!H140) | G84: =IF(A84="","",IF((IF(B84<0,"ยอดขายลด, ","")&IF(C84<0,"กำไรลด, ","")&IF(D84>0,"ต้นทุนขายเพิ่ม, ","")&IF(E84>0,"ต้นทุนแรงงาน/ยอดขายเพิ่ม, ","")&IF(F84>0,"ร้องเรียนเพิ่ม, ",""))="","ปกติ / ดี",IF(RIGHT(IF(B84<0,"ยอดขายลด, ","")&IF(C84<0,"กำไรลด, ","")&IF(D84>0,"ต้นทุนขายเพิ่ม, ","")&IF(E84>0,"ต้นทุนแรงงาน/ยอดขายเพิ่ม, ","")&IF(F84>0,"ร้องเรียนเพิ่ม, ",""),2)=", ",LEFT(IF(B84<0,"ยอดขายลด, ","")&IF(C84<0,"กำไรลด, ","")&IF(D84>0,"ต้นทุนขายเพิ่ม, ","")&IF(E84>0,"ต้นทุนแรงงาน/ยอดขายเพิ่ม, ","")&IF(F84>0,"ร้องเรียนเพิ่ม, ",""),LEN(IF(B84<0,"ยอดขายลด, ","")&IF(C84<0,"กำไรลด, ","")&IF(D84>0,"ต้นทุนขายเพิ่ม, ","")&IF(E84>0,"ต้นทุนแรงงาน/ยอดขายเพิ่ม, ","")&IF(F84>0,"ร้องเรียนเพิ่ม, ",""))-2),IF(B84<0,"ยอดขายลด, ","")&IF(C84<0,"กำไรลด, ","")&IF(D84>0,"ต้นทุนขายเพิ่ม, ","")&IF(E84>0,"ต้นทุนแรงงาน/ยอดขายเพิ่ม, ","")&IF(F84>0,"ร้องเรียนเพิ่ม, ","")))) | H84: =IF(A84="","",IFERROR((Aug!I117-I140)/I140,"")) | I84: =IF(A84="","",IFERROR((Aug!L117-J140)/J140,"")) | J84: =IF(A84="","",IFERROR((Aug!O117-K140)/K140,"")) | K84: =IF(A84="","",IFERROR((Aug!R117-L140)/L140,"")) | L84: =IF(A84="","",IFERROR(Aug!AD117-M140,"")) | S84: =IF(A84="","",(B84<0)*1+(C84<0)*1+(E84>0)*1+(F84>0)*1) | T84: =IF(A84="","",S84-IFERROR(B84/1000,0)) | U84: =IF(A84="","",IFERROR(RANK(T84,$T$78:$T$92)+COUNTIF($T$78:T84,T84)-1,"")) | V84: =IF(A84="","",IFERROR(RANK(B84,$B$78:$B$92)+COUNTIF($B$78:B84,B84)-1,""))
A85: =IF(Aug!A118="","",Aug!A118) | B85: =IF(A85="","",IFERROR((Aug!C118-Aug!B141)/Aug!B141,"")) | C85: =IF(A85="","",IFERROR((Aug!F118-Aug!C141)/ABS(Aug!C141),"")) | D85: =IF(A85="","",IFERROR((Aug!U118-Aug!D141)/Aug!D141,"")) | E85: =IF(A85="","",IFERROR(Aug!AA118-Aug!F141,"")) | F85: =IF(A85="","",Aug!AE118-Aug!H141) | G85: =IF(A85="","",IF((IF(B85<0,"ยอดขายลด, ","")&IF(C85<0,"กำไรลด, ","")&IF(D85>0,"ต้นทุนขายเพิ่ม, ","")&IF(E85>0,"ต้นทุนแรงงาน/ยอดขายเพิ่ม, ","")&IF(F85>0,"ร้องเรียนเพิ่ม, ",""))="","ปกติ / ดี",IF(RIGHT(IF(B85<0,"ยอดขายลด, ","")&IF(C85<0,"กำไรลด, ","")&IF(D85>0,"ต้นทุนขายเพิ่ม, ","")&IF(E85>0,"ต้นทุนแรงงาน/ยอดขายเพิ่ม, ","")&IF(F85>0,"ร้องเรียนเพิ่ม, ",""),2)=", ",LEFT(IF(B85<0,"ยอดขายลด, ","")&IF(C85<0,"กำไรลด, ","")&IF(D85>0,"ต้นทุนขายเพิ่ม, ","")&IF(E85>0,"ต้นทุนแรงงาน/ยอดขายเพิ่ม, ","")&IF(F85>0,"ร้องเรียนเพิ่ม, ",""),LEN(IF(B85<0,"ยอดขายลด, ","")&IF(C85<0,"กำไรลด, ","")&IF(D85>0,"ต้นทุนขายเพิ่ม, ","")&IF(E85>0,"ต้นทุนแรงงาน/ยอดขายเพิ่ม, ","")&IF(F85>0,"ร้องเรียนเพิ่ม, ",""))-2),IF(B85<0,"ยอดขายลด, ","")&IF(C85<0,"กำไรลด, ","")&IF(D85>0,"ต้นทุนขายเพิ่ม, ","")&IF(E85>0,"ต้นทุนแรงงาน/ยอดขายเพิ่ม, ","")&IF(F85>0,"ร้องเรียนเพิ่ม, ","")))) | H85: =IF(A85="","",IFERROR((Aug!I118-I141)/I141,"")) | I85: =IF(A85="","",IFERROR((Aug!L118-J141)/J141,"")) | J85: =IF(A85="","",IFERROR((Aug!O118-K141)/K141,"")) | K85: =IF(A85="","",IFERROR((Aug!R118-L141)/L141,"")) | L85: =IF(A85="","",IFERROR(Aug!AD118-M141,"")) | S85: =IF(A85="","",(B85<0)*1+(C85<0)*1+(E85>0)*1+(F85>0)*1) | T85: =IF(A85="","",S85-IFERROR(B85/1000,0)) | U85: =IF(A85="","",IFERROR(RANK(T85,$T$78:$T$92)+COUNTIF($T$78:T85,T85)-1,"")) | V85: =IF(A85="","",IFERROR(RANK(B85,$B$78:$B$92)+COUNTIF($B$78:B85,B85)-1,""))
A86: =IF(Aug!A119="","",Aug!A119) | B86: =IF(A86="","",IFERROR((Aug!C119-Aug!B142)/Aug!B142,"")) | C86: =IF(A86="","",IFERROR((Aug!F119-Aug!C142)/ABS(Aug!C142),"")) | D86: =IF(A86="","",IFERROR((Aug!U119-Aug!D142)/Aug!D142,"")) | E86: =IF(A86="","",IFERROR(Aug!AA119-Aug!F142,"")) | F86: =IF(A86="","",Aug!AE119-Aug!H142) | G86: =IF(A86="","",IF((IF(B86<0,"ยอดขายลด, ","")&IF(C86<0,"กำไรลด, ","")&IF(D86>0,"ต้นทุนขายเพิ่ม, ","")&IF(E86>0,"ต้นทุนแรงงาน/ยอดขายเพิ่ม, ","")&IF(F86>0,"ร้องเรียนเพิ่ม, ",""))="","ปกติ / ดี",IF(RIGHT(IF(B86<0,"ยอดขายลด, ","")&IF(C86<0,"กำไรลด, ","")&IF(D86>0,"ต้นทุนขายเพิ่ม, ","")&IF(E86>0,"ต้นทุนแรงงาน/ยอดขายเพิ่ม, ","")&IF(F86>0,"ร้องเรียนเพิ่ม, ",""),2)=", ",LEFT(IF(B86<0,"ยอดขายลด, ","")&IF(C86<0,"กำไรลด, ","")&IF(D86>0,"ต้นทุนขายเพิ่ม, ","")&IF(E86>0,"ต้นทุนแรงงาน/ยอดขายเพิ่ม, ","")&IF(F86>0,"ร้องเรียนเพิ่ม, ",""),LEN(IF(B86<0,"ยอดขายลด, ","")&IF(C86<0,"กำไรลด, ","")&IF(D86>0,"ต้นทุนขายเพิ่ม, ","")&IF(E86>0,"ต้นทุนแรงงาน/ยอดขายเพิ่ม, ","")&IF(F86>0,"ร้องเรียนเพิ่ม, ",""))-2),IF(B86<0,"ยอดขายลด, ","")&IF(C86<0,"กำไรลด, ","")&IF(D86>0,"ต้นทุนขายเพิ่ม, ","")&IF(E86>0,"ต้นทุนแรงงาน/ยอดขายเพิ่ม, ","")&IF(F86>0,"ร้องเรียนเพิ่ม, ","")))) | H86: =IF(A86="","",IFERROR((Aug!I119-I142)/I142,"")) | I86: =IF(A86="","",IFERROR((Aug!L119-J142)/J142,"")) | J86: =IF(A86="","",IFERROR((Aug!O119-K142)/K142,"")) | K86: =IF(A86="","",IFERROR((Aug!R119-L142)/L142,"")) | L86: =IF(A86="","",IFERROR(Aug!AD119-M142,"")) | S86: =IF(A86="","",(B86<0)*1+(C86<0)*1+(E86>0)*1+(F86>0)*1) | T86: =IF(A86="","",S86-IFERROR(B86/1000,0)) | U86: =IF(A86="","",IFERROR(RANK(T86,$T$78:$T$92)+COUNTIF($T$78:T86,T86)-1,"")) | V86: =IF(A86="","",IFERROR(RANK(B86,$B$78:$B$92)+COUNTIF($B$78:B86,B86)-1,""))
A87: =IF(Aug!A120="","",Aug!A120) | B87: =IF(A87="","",IFERROR((Aug!C120-Aug!B143)/Aug!B143,"")) | C87: =IF(A87="","",IFERROR((Aug!F120-Aug!C143)/ABS(Aug!C143),"")) | D87: =IF(A87="","",IFERROR((Aug!U120-Aug!D143)/Aug!D143,"")) | E87: =IF(A87="","",IFERROR(Aug!AA120-Aug!F143,"")) | F87: =IF(A87="","",Aug!AE120-Aug!H143) | G87: =IF(A87="","",IF((IF(B87<0,"ยอดขายลด, ","")&IF(C87<0,"กำไรลด, ","")&IF(D87>0,"ต้นทุนขายเพิ่ม, ","")&IF(E87>0,"ต้นทุนแรงงาน/ยอดขายเพิ่ม, ","")&IF(F87>0,"ร้องเรียนเพิ่ม, ",""))="","ปกติ / ดี",IF(RIGHT(IF(B87<0,"ยอดขายลด, ","")&IF(C87<0,"กำไรลด, ","")&IF(D87>0,"ต้นทุนขายเพิ่ม, ","")&IF(E87>0,"ต้นทุนแรงงาน/ยอดขายเพิ่ม, ","")&IF(F87>0,"ร้องเรียนเพิ่ม, ",""),2)=", ",LEFT(IF(B87<0,"ยอดขายลด, ","")&IF(C87<0,"กำไรลด, ","")&IF(D87>0,"ต้นทุนขายเพิ่ม, ","")&IF(E87>0,"ต้นทุนแรงงาน/ยอดขายเพิ่ม, ","")&IF(F87>0,"ร้องเรียนเพิ่ม, ",""),LEN(IF(B87<0,"ยอดขายลด, ","")&IF(C87<0,"กำไรลด, ","")&IF(D87>0,"ต้นทุนขายเพิ่ม, ","")&IF(E87>0,"ต้นทุนแรงงาน/ยอดขายเพิ่ม, ","")&IF(F87>0,"ร้องเรียนเพิ่ม, ",""))-2),IF(B87<0,"ยอดขายลด, ","")&IF(C87<0,"กำไรลด, ","")&IF(D87>0,"ต้นทุนขายเพิ่ม, ","")&IF(E87>0,"ต้นทุนแรงงาน/ยอดขายเพิ่ม, ","")&IF(F87>0,"ร้องเรียนเพิ่ม, ","")))) | H87: =IF(A87="","",IFERROR((Aug!I120-I143)/I143,"")) | I87: =IF(A87="","",IFERROR((Aug!L120-J143)/J143,"")) | J87: =IF(A87="","",IFERROR((Aug!O120-K143)/K143,"")) | K87: =IF(A87="","",IFERROR((Aug!R120-L143)/L143,"")) | L87: =IF(A87="","",IFERROR(Aug!AD120-M143,"")) | S87: =IF(A87="","",(B87<0)*1+(C87<0)*1+(E87>0)*1+(F87>0)*1) | T87: =IF(A87="","",S87-IFERROR(B87/1000,0)) | U87: =IF(A87="","",IFERROR(RANK(T87,$T$78:$T$92)+COUNTIF($T$78:T87,T87)-1,"")) | V87: =IF(A87="","",IFERROR(RANK(B87,$B$78:$B$92)+COUNTIF($B$78:B87,B87)-1,""))
A88: =IF(Aug!A121="","",Aug!A121) | B88: =IF(A88="","",IFERROR((Aug!C121-Aug!B144)/Aug!B144,"")) | C88: =IF(A88="","",IFERROR((Aug!F121-Aug!C144)/ABS(Aug!C144),"")) | D88: =IF(A88="","",IFERROR((Aug!U121-Aug!D144)/Aug!D144,"")) | E88: =IF(A88="","",IFERROR(Aug!AA121-Aug!F144,"")) | F88: =IF(A88="","",Aug!AE121-Aug!H144) | G88: =IF(A88="","",IF((IF(B88<0,"ยอดขายลด, ","")&IF(C88<0,"กำไรลด, ","")&IF(D88>0,"ต้นทุนขายเพิ่ม, ","")&IF(E88>0,"ต้นทุนแรงงาน/ยอดขายเพิ่ม, ","")&IF(F88>0,"ร้องเรียนเพิ่ม, ",""))="","ปกติ / ดี",IF(RIGHT(IF(B88<0,"ยอดขายลด, ","")&IF(C88<0,"กำไรลด, ","")&IF(D88>0,"ต้นทุนขายเพิ่ม, ","")&IF(E88>0,"ต้นทุนแรงงาน/ยอดขายเพิ่ม, ","")&IF(F88>0,"ร้องเรียนเพิ่ม, ",""),2)=", ",LEFT(IF(B88<0,"ยอดขายลด, ","")&IF(C88<0,"กำไรลด, ","")&IF(D88>0,"ต้นทุนขายเพิ่ม, ","")&IF(E88>0,"ต้นทุนแรงงาน/ยอดขายเพิ่ม, ","")&IF(F88>0,"ร้องเรียนเพิ่ม, ",""),LEN(IF(B88<0,"ยอดขายลด, ","")&IF(C88<0,"กำไรลด, ","")&IF(D88>0,"ต้นทุนขายเพิ่ม, ","")&IF(E88>0,"ต้นทุนแรงงาน/ยอดขายเพิ่ม, ","")&IF(F88>0,"ร้องเรียนเพิ่ม, ",""))-2),IF(B88<0,"ยอดขายลด, ","")&IF(C88<0,"กำไรลด, ","")&IF(D88>0,"ต้นทุนขายเพิ่ม, ","")&IF(E88>0,"ต้นทุนแรงงาน/ยอดขายเพิ่ม, ","")&IF(F88>0,"ร้องเรียนเพิ่ม, ","")))) | H88: =IF(A88="","",IFERROR((Aug!I121-I144)/I144,"")) | I88: =IF(A88="","",IFERROR((Aug!L121-J144)/J144,"")) | J88: =IF(A88="","",IFERROR((Aug!O121-K144)/K144,"")) | K88: =IF(A88="","",IFERROR((Aug!R121-L144)/L144,"")) | L88: =IF(A88="","",IFERROR(Aug!AD121-M144,"")) | S88: =IF(A88="","",(B88<0)*1+(C88<0)*1+(E88>0)*1+(F88>0)*1) | T88: =IF(A88="","",S88-IFERROR(B88/1000,0)) | U88: =IF(A88="","",IFERROR(RANK(T88,$T$78:$T$92)+COUNTIF($T$78:T88,T88)-1,"")) | V88: =IF(A88="","",IFERROR(RANK(B88,$B$78:$B$92)+COUNTIF($B$78:B88,B88)-1,""))
A89: =IF(Aug!A122="","",Aug!A122) | B89: =IF(A89="","",IFERROR((Aug!C122-Aug!B145)/Aug!B145,"")) | C89: =IF(A89="","",IFERROR((Aug!F122-Aug!C145)/ABS(Aug!C145),"")) | D89: =IF(A89="","",IFERROR((Aug!U122-Aug!D145)/Aug!D145,"")) | E89: =IF(A89="","",IFERROR(Aug!AA122-Aug!F145,"")) | F89: =IF(A89="","",Aug!AE122-Aug!H145) | G89: =IF(A89="","",IF((IF(B89<0,"ยอดขายลด, ","")&IF(C89<0,"กำไรลด, ","")&IF(D89>0,"ต้นทุนขายเพิ่ม, ","")&IF(E89>0,"ต้นทุนแรงงาน/ยอดขายเพิ่ม, ","")&IF(F89>0,"ร้องเรียนเพิ่ม, ",""))="","ปกติ / ดี",IF(RIGHT(IF(B89<0,"ยอดขายลด, ","")&IF(C89<0,"กำไรลด, ","")&IF(D89>0,"ต้นทุนขายเพิ่ม, ","")&IF(E89>0,"ต้นทุนแรงงาน/ยอดขายเพิ่ม, ","")&IF(F89>0,"ร้องเรียนเพิ่ม, ",""),2)=", ",LEFT(IF(B89<0,"ยอดขายลด, ","")&IF(C89<0,"กำไรลด, ","")&IF(D89>0,"ต้นทุนขายเพิ่ม, ","")&IF(E89>0,"ต้นทุนแรงงาน/ยอดขายเพิ่ม, ","")&IF(F89>0,"ร้องเรียนเพิ่ม, ",""),LEN(IF(B89<0,"ยอดขายลด, ","")&IF(C89<0,"กำไรลด, ","")&IF(D89>0,"ต้นทุนขายเพิ่ม, ","")&IF(E89>0,"ต้นทุนแรงงาน/ยอดขายเพิ่ม, ","")&IF(F89>0,"ร้องเรียนเพิ่ม, ",""))-2),IF(B89<0,"ยอดขายลด, ","")&IF(C89<0,"กำไรลด, ","")&IF(D89>0,"ต้นทุนขายเพิ่ม, ","")&IF(E89>0,"ต้นทุนแรงงาน/ยอดขายเพิ่ม, ","")&IF(F89>0,"ร้องเรียนเพิ่ม, ","")))) | H89: =IF(A89="","",IFERROR((Aug!I122-I145)/I145,"")) | I89: =IF(A89="","",IFERROR((Aug!L122-J145)/J145,"")) | J89: =IF(A89="","",IFERROR((Aug!O122-K145)/K145,"")) | K89: =IF(A89="","",IFERROR((Aug!R122-L145)/L145,"")) | L89: =IF(A89="","",IFERROR(Aug!AD122-M145,"")) | S89: =IF(A89="","",(B89<0)*1+(C89<0)*1+(E89>0)*1+(F89>0)*1) | T89: =IF(A89="","",S89-IFERROR(B89/1000,0)) | U89: =IF(A89="","",IFERROR(RANK(T89,$T$78:$T$92)+COUNTIF($T$78:T89,T89)-1,"")) | V89: =IF(A89="","",IFERROR(RANK(B89,$B$78:$B$92)+COUNTIF($B$78:B89,B89)-1,""))
... A92: =IF(Aug!A125="","",Aug!A125) | B92: =IF(A92="","",IFERROR((Aug!C125-Aug!B148)/Aug!B148,"")) | C92: =IF(A92="","",IFERROR((Aug!F125-Aug!C148)/ABS(Aug!C148),"")) | D92: =IF(A92="","",IFERROR((Aug!U125-Aug!D148)/Aug!D148,"")) | E92: =IF(A92="","",IFERROR(Aug!AA125-Aug!F148,"")) | F92: =IF(A92="","",Aug!AE125-Aug!H148) | G92: =IF(A92="","",IF((IF(B92<0,"ยอดขายลด, ","")&IF(C92<0,"กำไรลด, ","")&IF(D92>0,"ต้นทุนขายเพิ่ม, ","")&IF(E92>0,"ต้นทุนแรงงาน/ยอดขายเพิ่ม, ","")&IF(F92>0,"ร้องเรียนเพิ่ม, ",""))="","ปกติ / ดี",IF(RIGHT(IF(B92<0,"ยอดขายลด, ","")&IF(C92<0,"กำไรลด, ","")&IF(D92>0,"ต้นทุนขายเพิ่ม, ","")&IF(E92>0,"ต้นทุนแรงงาน/ยอดขายเพิ่ม, ","")&IF(F92>0,"ร้องเรียนเพิ่ม, ",""),2)=", ",LEFT(IF(B92<0,"ยอดขายลด, ","")&IF(C92<0,"กำไรลด, ","")&IF(D92>0,"ต้นทุนขายเพิ่ม, ","")&IF(E92>0,"ต้นทุนแรงงาน/ยอดขายเพิ่ม, ","")&IF(F92>0,"ร้องเรียนเพิ่ม, ",""),LEN(IF(B92<0,"ยอดขายลด, ","")&IF(C92<0,"กำไรลด, ","")&IF(D92>0,"ต้นทุนขายเพิ่ม, ","")&IF(E92>0,"ต้นทุนแรงงาน/ยอดขายเพิ่ม, ","")&IF(F92>0,"ร้องเรียนเพิ่ม, ",""))-2),IF(B92<0,"ยอดขายลด, ","")&IF(C92<0,"กำไรลด, ","")&IF(D92>0,"ต้นทุนขายเพิ่ม, ","")&IF(E92>0,"ต้นทุนแรงงาน/ยอดขายเพิ่ม, ","")&IF(F92>0,"ร้องเรียนเพิ่ม, ","")))) | H92: =IF(A92="","",IFERROR((Aug!I125-I148)/I148,"")) | I92: =IF(A92="","",IFERROR((Aug!L125-J148)/J148,"")) | J92: =IF(A92="","",IFERROR((Aug!O125-K148)/K148,"")) | K92: =IF(A92="","",IFERROR((Aug!R125-L148)/L148,"")) | L92: =IF(A92="","",IFERROR(Aug!AD125-M148,"")) | S92: =IF(A92="","",(B92<0)*1+(C92<0)*1+(E92>0)*1+(F92>0)*1) | T92: =IF(A92="","",S92-IFERROR(B92/1000,0)) | U92: =IF(A92="","",IFERROR(RANK(T92,$T$78:$T$92)+COUNTIF($T$78:T92,T92)-1,"")) | V92: =IF(A92="","",IFERROR(RANK(B92,$B$78:$B$92)+COUNTIF($B$78:B92,B92)-1,""))
A95: สาขาผลงานโดดเด่น MoM (Top 5 Best — by Sales Growth) | H95: สาขาที่ต้องให้ความช่วยเหลือ MoM (Needs Attention)
A96: # | B96: สาขา | E96: ยอดขาย MoM% | H96: # | I96: สาขา | K96: ประเด็นที่พบ
A97: 1 | B97: =IFERROR(INDEX($A$78:$A$92,MATCH(1,$V$78:$V$92,0)),"-") -> - | E97: =IFERROR(INDEX($B$78:$B$92,MATCH(1,$V$78:$V$92,0)),"") | H97: 1 | I97: =IFERROR(INDEX($A$78:$A$92,MATCH(1,$U$78:$U$92,0)),"-") -> - | K97: =IFERROR(INDEX($G$78:$G$92,MATCH(1,$U$78:$U$92,0)),"")
A98: 2 | B98: =IFERROR(INDEX($A$78:$A$92,MATCH(2,$V$78:$V$92,0)),"-") -> - | E98: =IFERROR(INDEX($B$78:$B$92,MATCH(2,$V$78:$V$92,0)),"") | H98: 2 | I98: =IFERROR(INDEX($A$78:$A$92,MATCH(2,$U$78:$U$92,0)),"-") -> - | K98: =IFERROR(INDEX($G$78:$G$92,MATCH(2,$U$78:$U$92,0)),"")
A99: 3 | B99: =IFERROR(INDEX($A$78:$A$92,MATCH(3,$V$78:$V$92,0)),"-") -> - | E99: =IFERROR(INDEX($B$78:$B$92,MATCH(3,$V$78:$V$92,0)),"") | H99: 3 | I99: =IFERROR(INDEX($A$78:$A$92,MATCH(3,$U$78:$U$92,0)),"-") -> - | K99: =IFERROR(INDEX($G$78:$G$92,MATCH(3,$U$78:$U$92,0)),"")
A100: 4 | B100: =IFERROR(INDEX($A$78:$A$92,MATCH(4,$V$78:$V$92,0)),"-") -> - | E100: =IFERROR(INDEX($B$78:$B$92,MATCH(4,$V$78:$V$92,0)),"") | H100: 4 | I100: =IFERROR(INDEX($A$78:$A$92,MATCH(4,$U$78:$U$92,0)),"-") -> - | K100: =IFERROR(INDEX($G$78:$G$92,MATCH(4,$U$78:$U$92,0)),"")
A101: 5 | B101: =IFERROR(INDEX($A$78:$A$92,MATCH(5,$V$78:$V$92,0)),"-") -> - | E101: =IFERROR(INDEX($B$78:$B$92,MATCH(5,$V$78:$V$92,0)),"") | H101: 5 | I101: =IFERROR(INDEX($A$78:$A$92,MATCH(5,$U$78:$U$92,0)),"-") -> - | K101: =IFERROR(INDEX($G$78:$G$92,MATCH(5,$U$78:$U$92,0)),"")
A105: กรอกข้อมูลจากตารางนี้ลงไป
A106: Monthly Area Manager Performance Report
A107: เดือน (Month) : | F107: กรอกข้อมูลเฉพาะช่องสีเหลือง (2025 / 2026 / OT / OSS / Complaint) เท่านั้น ส่วน % และ Dashboard จะคำนวณอัตโนมัติ
A109: (Branch) | B109: Sales | E109: EBIT (฿) | H109: Trans Dine In | K109: Ticket Dine In (฿) | N109: Trans Del | Q109: Ticket Del (฿) | T109: COGs | W109: COL (฿) | Z109: COL (%) to Sales | AC109: OT (฿) | AD109: OSS % | AE109: Complaint | AF109: OSS Failure and Complaints Explanation
B110: 2025 | C110: 2026 | D110: YoY % | E110: 2025 | F110: 2026 | G110: YoY % | H110: 2025 | I110: 2026 | J110: YoY % | K110: 2025 | L110: 2026 | M110: YoY % | N110: 2025 | O110: 2026 | P110: YoY % | Q110: 2025 | R110: 2026 | S110: YoY % | T110: 2025 | U110: 2026 | V110: YoY % | W110: 2025 | X110: 2026 | Y110: YoY % | Z110: 2025 | AA110: 2026 | AB110: YoY %
D111: =IFERROR((C111-B111)/B111,"") | G111: =IFERROR((F111-E111)/ABS(E111),"") | J111: =IFERROR((I111-H111)/H111,"") | M111: =IFERROR((L111-K111)/K111,"") | P111: =IFERROR((O111-N111)/N111,"") | S111: =IFERROR((R111-Q111)/Q111,"") | V111: =IFERROR((U111-T111)/T111,"") | Y111: =IFERROR((X111-W111)/W111,"") | AB111: =IFERROR((AA111-Z111)/Z111,"")
D112: =IFERROR((C112-B112)/B112,"") | G112: =IFERROR((F112-E112)/ABS(E112),"") | J112: =IFERROR((I112-H112)/H112,"") | M112: =IFERROR((L112-K112)/K112,"") | P112: =IFERROR((O112-N112)/N112,"") | S112: =IFERROR((R112-Q112)/Q112,"") | V112: =IFERROR((U112-T112)/T112,"") | Y112: =IFERROR((X112-W112)/W112,"") | AB112: =IFERROR((AA112-Z112)/Z112,"")
D113: =IFERROR((C113-B113)/B113,"") | G113: =IFERROR((F113-E113)/ABS(E113),"") | J113: =IFERROR((I113-H113)/H113,"") | M113: =IFERROR((L113-K113)/K113,"") | P113: =IFERROR((O113-N113)/N113,"") | S113: =IFERROR((R113-Q113)/Q113,"") | V113: =IFERROR((U113-T113)/T113,"") | Y113: =IFERROR((X113-W113)/W113,"") | AB113: =IFERROR((AA113-Z113)/Z113,"")
D114: =IFERROR((C114-B114)/B114,"") | G114: =IFERROR((F114-E114)/ABS(E114),"") | J114: =IFERROR((I114-H114)/H114,"") | M114: =IFERROR((L114-K114)/K114,"") | P114: =IFERROR((O114-N114)/N114,"") | S114: =IFERROR((R114-Q114)/Q114,"") | V114: =IFERROR((U114-T114)/T114,"") | Y114: =IFERROR((X114-W114)/W114,"") | AB114: =IFERROR((AA114-Z114)/Z114,"")
D115: =IFERROR((C115-B115)/B115,"") | G115: =IFERROR((F115-E115)/ABS(E115),"") | J115: =IFERROR((I115-H115)/H115,"") | M115: =IFERROR((L115-K115)/K115,"") | P115: =IFERROR((O115-N115)/N115,"") | S115: =IFERROR((R115-Q115)/Q115,"") | V115: =IFERROR((U115-T115)/T115,"") | Y115: =IFERROR((X115-W115)/W115,"") | AB115: =IFERROR((AA115-Z115)/Z115,"")
D116: =IFERROR((C116-B116)/B116,"") | G116: =IFERROR((F116-E116)/ABS(E116),"") | J116: =IFERROR((I116-H116)/H116,"") | M116: =IFERROR((L116-K116)/K116,"") | P116: =IFERROR((O116-N116)/N116,"") | S116: =IFERROR((R116-Q116)/Q116,"") | V116: =IFERROR((U116-T116)/T116,"") | Y116: =IFERROR((X116-W116)/W116,"") | AB116: =IFERROR((AA116-Z116)/Z116,"")
D117: =IFERROR((C117-B117)/B117,"") | G117: =IFERROR((F117-E117)/ABS(E117),"") | J117: =IFERROR((I117-H117)/H117,"") | M117: =IFERROR((L117-K117)/K117,"") | P117: =IFERROR((O117-N117)/N117,"") | S117: =IFERROR((R117-Q117)/Q117,"") | V117: =IFERROR((U117-T117)/T117,"") | Y117: =IFERROR((X117-W117)/W117,"") | AB117: =IFERROR((AA117-Z117)/Z117,"")
D118: =IFERROR((C118-B118)/B118,"") | G118: =IFERROR((F118-E118)/ABS(E118),"") | J118: =IFERROR((I118-H118)/H118,"") | M118: =IFERROR((L118-K118)/K118,"") | P118: =IFERROR((O118-N118)/N118,"") | S118: =IFERROR((R118-Q118)/Q118,"") | V118: =IFERROR((U118-T118)/T118,"") | Y118: =IFERROR((X118-W118)/W118,"") | AB118: =IFERROR((AA118-Z118)/Z118,"")
D119: =IFERROR((C119-B119)/B119,"") | G119: =IFERROR((F119-E119)/ABS(E119),"") | J119: =IFERROR((I119-H119)/H119,"") | M119: =IFERROR((L119-K119)/K119,"") | P119: =IFERROR((O119-N119)/N119,"") | S119: =IFERROR((R119-Q119)/Q119,"") | V119: =IFERROR((U119-T119)/T119,"") | Y119: =IFERROR((X119-W119)/W119,"") | AB119: =IFERROR((AA119-Z119)/Z119,"")
D120: =IFERROR((C120-B120)/B120,"") | G120: =IFERROR((F120-E120)/ABS(E120),"") | J120: =IFERROR((I120-H120)/H120,"") | M120: =IFERROR((L120-K120)/K120,"") | P120: =IFERROR((O120-N120)/N120,"") | S120: =IFERROR((R120-Q120)/Q120,"") | V120: =IFERROR((U120-T120)/T120,"") | Y120: =IFERROR((X120-W120)/W120,"") | AB120: =IFERROR((AA120-Z120)/Z120,"") | AC120: 0
G121: =IFERROR((F121-E121)/ABS(E121),"") | J121: =IFERROR((I121-H121)/H121,"")
D122: =IFERROR((C122-B122)/B122,"") | G122: =IFERROR((F122-E122)/ABS(E122),"") | J122: =IFERROR((I122-H122)/H122,"") | M122: =IFERROR((L122-K122)/K122,"") | P122: =IFERROR((O122-N122)/N122,"") | S122: =IFERROR((R122-Q122)/Q122,"") | V122: =(U122-T122)/T122 -> #DIV/0! | Y122: =(X122-W122)/W122 -> #DIV/0! | AB122: =(AA122-Z122)/Z122 -> #DIV/0!
D123: =IFERROR((C123-B123)/B123,"") | G123: =IFERROR((F123-E123)/ABS(E123),"") | J123: =IFERROR((I123-H123)/H123,"") | M123: =IFERROR((L123-K123)/K123,"") | P123: =IFERROR((O123-N123)/N123,"") | S123: =IFERROR((R123-Q123)/Q123,"") | V123: =(U123-T123)/T123 -> #DIV/0! | Y123: =(X123-W123)/W123 -> #DIV/0! | AB123: =(AA123-Z123)/Z123 -> #DIV/0!
D124: =IFERROR((C124-B124)/B124,"") | G124: =IFERROR((F124-E124)/ABS(E124),"") | J124: =IFERROR((I124-H124)/H124,"") | M124: =IFERROR((L124-K124)/K124,"") | P124: =IFERROR((O124-N124)/N124,"") | S124: =IFERROR((R124-Q124)/Q124,"") | V124: =(U124-T124)/T124 -> #DIV/0! | Y124: =(X124-W124)/W124 -> #DIV/0! | AB124: =(AA124-Z124)/Z124 -> #DIV/0!
D125: =IFERROR((C125-B125)/B125,"") | G125: =IFERROR((F125-E125)/ABS(E125),"") | J125: =IFERROR((I125-H125)/H125,"") | M125: =IFERROR((L125-K125)/K125,"") | P125: =IFERROR((O125-N125)/N125,"") | S125: =IFERROR((R125-Q125)/Q125,"") | V125: =(U125-T125)/T125 -> #DIV/0! | Y125: =(X125-W125)/W125 -> #DIV/0! | AB125: =(AA125-Z125)/Z125 -> #DIV/0!
A126: รวม (Total) | D126: =IFERROR(AVERAGE(D111:D125),"") | G126: =IFERROR(AVERAGE(G111:G125),"") | J126: =IFERROR(AVERAGE(J111:J125),"") | M126: =IFERROR(AVERAGE(M111:M125),"") | P126: =IFERROR(AVERAGE(P111:P125),"") | S126: =IFERROR(AVERAGE(S111:S125),"") | V126: =AVERAGE(V111:V125) -> #DIV/0! | Y126: =IFERROR(AVERAGE(Y111:Y125),"") | AB126: =IFERROR(AVERAGE(AB111:AB125),"") | AC126: =SUM(AC111:AC125) -> 0 | AD126: =IFERROR(AVERAGE(AD111:AD125),"") | AE126: =SUM(AE111:AE125) -> 0
A129: ข้อมูลเดือนก่อนหน้า (Previous Month) — สำหรับเปรียบเทียบ Month-on-Month (MoM)
A130: เดือนก่อนหน้า (Previous Month) : | F130: กรอกข้อมูลเฉพาะช่องสีเหลือง (Sales / EBIT / Trans Dine In / Ticket Dine In / Trans Del / Ticket Del / COGs / COL / OT / OSS % / Complaint) ของเดือนก่อนหน้าเท่านั้น ส่วน COL% และ Dashboard MoM จะคำนวณอัตโนมัติ
A132: สาขา (Branch) | B132: Sales | C132: EBIT (฿) | D132: COGs | E132: COL (฿) | F132: COL % to Sales | G132: OT (฿) | H132: Complaint | I132: Trans Dine In | J132: Ticket Dine In (฿) | K132: Trans Del | L132: Ticket Del (฿) | M132: OSS %
A134: =IF(Aug!A111="","",Aug!A111) | F134: =IFERROR(E134/B134,"")
A135: =IF(Aug!A112="","",Aug!A112) | F135: =IFERROR(E135/B135,"")
A136: =IF(Aug!A113="","",Aug!A113) | F136: =IFERROR(E136/B136,"")
A137: =IF(Aug!A114="","",Aug!A114) | F137: =IFERROR(E137/B137,"")
A138: =IF(Aug!A115="","",Aug!A115) | F138: =IFERROR(E138/B138,"")
A139: =IF(Aug!A116="","",Aug!A116) | F139: =IFERROR(E139/B139,"")
A140: =IF(Aug!A117="","",Aug!A117) | F140: =IFERROR(E140/B140,"")
A141: =IF(Aug!A118="","",Aug!A118) | F141: =IFERROR(E141/B141,"")
A142: =IF(Aug!A119="","",Aug!A119) | F142: =IFERROR(E142/B142,"")
A143: =IF(Aug!A120="","",Aug!A120) | F143: =IFERROR(E143/B143,"")
...
